{"timestamp": 1777746220.5776372, "embedding": [-0.009416192, -0.061063834, -0.021953205, -0.030279426, 0.04592113, 0.06543181, -0.019416243, 0.033985216, 0.028603513, -0.015990593, 0.0053064525, 0.055645328, 0.054675512, 0.008424094, -0.05700586, 0.0020414079, 0.0843689, 0.06667395, -0.1006828, -0.013902298, -0.026516771, -0.05990977, 0.004635564, -0.10728863, 0.017125884, -0.046018723, -0.014646098, 0.06482603, 0.09445959, -0.07405004, 0.06053968, -0.042816997, 0.0033223396, 0.026541762, -0.08495078, 0.10297858, 0.045603927, -0.027971584, -0.08362331, -0.029498382, 0.013129624, 0.0055506206, -0.04300188, 0.048407547, 0.07911693, -0.07615365, -0.037296616, -0.047541846, -0.046941902, 0.012362184, -0.059913304, -0.043468386, -0.03994591, 0.0021026921, -0.049638472, -0.055259194, -0.009822698, -0.025544213, 0.013631846, -0.040006712, 0.080434196, -0.037654918, 0.05847763, 0.06194613, 0.069621675, -0.08360497, -0.020510921, 0.089868076, 0.0018528327, -0.011406888, -0.028219396, -0.026049923, -0.10127174, 0.001187381, -0.026725754, -0.023743847, 0.008159077, -0.048111, 0.08849375, -0.047322214, 0.05107665, -0.014617607, -0.0022731062, -0.0099020675, 0.038412638, 0.022131704, 0.054197017, -0.042982273, -0.12090182, -0.020505924, 0.07273574, -0.047447488, -0.03631103, 0.052748293, 0.041726157, -0.061498184, -0.0144232195, 0.02013095, 0.014614078, 0.081401475, -0.01944809, 0.008913183, 0.08190757, 0.025447069, -0.034303084, -0.11350283, -0.031246834, 0.017083813, -0.04283897, -0.06727453, -0.096980646, -0.02936772, -0.04821374, 0.0055030975, 0.04380925, -0.06069867, 0.07384558, 0.00017652723, 0.04261828, -0.02316947, -0.0009355338, 0.047069315, -0.012303174, 0.00089145236, 0.026656225, -0.10334715, 0.001322939, -1.3506421e-33, 0.042650905, -0.05863525, -0.041754104, 0.10537332, 0.053101253, 0.0041950787, -0.03728523, 0.0967072, -0.067341484, 0.0034495578, 0.00096041843, 0.032650307, 0.035417475, 0.14824754, 0.046604417, -0.013224843, -0.0717733, -0.023230232, 0.006543245, -0.008086217, -0.03432495, -0.0043170997, -0.017651454, -0.065983966, -0.073430896, 0.06198943, 0.025296275, -0.08755854, -0.025943078, 0.012674055, -0.085967705, -0.050638225, -0.007853764, -0.033972364, 0.06524148, 0.03261261, 0.04114535, -0.037031233, -0.041153274, -0.024242079, 0.057420786, -0.021113956, -0.017602636, -0.04831817, 0.036269177, 0.036295976, 0.0757002, -0.005422471, -0.06486622, 0.01396626, 0.041896824, 0.033322234, -0.02695707, -0.071632944, 0.072179824, -0.022312813, -0.052534357, -0.032107532, 0.066062815, -0.022972511, -0.058461946, -0.034294028, 0.0068469313, 0.017642876, -0.066900924, 0.021069285, -0.0073321047, -0.0658487, 0.06108128, 0.038006555, -0.066301145, 0.025809746, -0.07043115, -0.022479642, -0.100924395, 0.008668346, -0.08511814, -0.06321162, -0.016221873, 0.08788657, -0.0488547, -0.08449796, -0.02657768, -0.019642832, -0.012258522, -0.1357011, 0.040531427, -0.10977546, 0.080740154, 0.0010530315, -3.9252795e-05, 0.003355637, -0.006821085, -0.03832571, 0.0693425, -1.1540313e-33, -0.026422169, 0.04078544, -0.083899595, 0.050185293, -0.008800515, 0.045383014, -0.002793879, 0.063861236, -0.06993861, 0.032807376, -0.086421244, -0.030710077, 0.105889656, -0.047384858, -0.003763729, -0.01815273, -0.030307693, 0.020372968, -0.035526454, -0.003007102, 0.0006144135, 0.027424717, 0.032960083, 0.009215174, 0.108600155, 0.10221253, -0.013500525, -0.02666735, -0.03966261, -0.013303327, 0.03709413, -0.06428814, -0.08243841, -0.014517171, -0.04424019, 0.030553387, 0.119294, 0.07058261, -0.024878226, -0.11432857, 0.08282304, 0.043007735, -0.09145748, 0.030009585, 0.0012281408, -0.011884984, -0.042561498, 0.012693025, 0.08958531, -0.010846503, -0.027413614, -0.012230185, 0.033598192, -0.05644415, 0.032070983, -0.05485744, 0.0061989394, -0.0083514415, 0.060051035, 0.056086827, 0.018347673, -0.06295743, -0.009526137, -0.0093750525, 0.020080898, -0.054378558, -0.045186467, 0.090979524, -0.09327498, 0.005137337, -0.025274005, -0.0008306654, 0.009273535, 0.02997507, 0.044461075, 0.0048294193, 0.07082292, 0.04867263, 0.027535079, -0.051509775, 0.03110326, -0.05429688, 0.033485238, -0.0053043887, 0.047143556, 0.04143131, 0.032409564, -0.0023313889, -0.020612214, -0.07214639, 0.00045536482, 0.072540164, -0.08930502, 0.10399582, 0.07448884, -1.5624813e-08, -0.016872123, -0.004443069, 0.11434643, -0.061447702, -0.07845489, -0.03413224, 0.054336008, 0.0091711925, 0.007989059, 0.029053241, 0.040615182, -0.018298276, -0.049478818, 0.022414586, 0.10506499, 0.06851724, -0.014968966, -0.033540312, 0.008866491, 0.024970748, -0.003816735, 0.059517473, 0.029783016, -0.007267445, -0.015120132, 0.013582218, -0.0070714382, 0.03423389, 0.04183919, 0.010695908, 0.006512304, 0.09745386, 0.027016617, -0.01233975, -0.06443756, 0.02277988, 0.004248499, -0.04750288, -0.07179181, -0.06668642, 0.030504657, 0.0058330134, 0.053023316, -0.047981482, 0.13656177, 0.03976037, 0.05834432, -0.02471428, -0.03840283, 0.07494517, -0.0035740174, -0.03173751, 0.010766197, -0.0023298047, 0.018585766, 0.03513504, 0.007966378, 0.03914407, 0.020533577, 0.016903682, -0.058263138, 0.04873711, 0.061667494, -0.0002074583]}