{"timestamp": 1777793842.487346, "embedding": [-0.07571208, 0.030972464, 0.017173152, -0.056463644, 0.016385326, -0.0139549915, 0.048658054, 0.0004870594, -0.0829713, 0.007993923, -0.07351113, 0.0077989977, -0.05010629, 0.052813347, -0.01603387, 0.07444785, 0.04159073, 0.039366845, 0.032689705, -0.100710094, 0.007984523, 0.02465254, 0.061531983, -0.03259406, -0.041257083, 0.025416138, 0.030736225, -0.026536893, 0.009285261, -0.06846722, 0.018066974, 0.011162161, 0.024539946, -0.012483659, -0.0015618879, 0.086035274, 0.02987269, 0.05632244, -0.07447753, -0.05457228, -0.05796133, -0.047171786, 0.023954445, -0.009803505, 0.04338987, -0.088278696, 0.029506586, -0.09246184, 0.011905149, -0.025252901, -0.08449977, -0.10214987, 0.01811859, -0.06533827, 0.020625284, -0.002225418, 0.012693055, 0.065630354, 0.057553336, -0.06935587, 0.07108396, -0.0024440803, -0.12750086, 0.047281824, 0.0380136, 0.002986983, -0.070474535, 0.032263733, -0.016142303, 0.010715036, 0.053099617, -0.03347385, -0.04193707, -0.045885283, 0.0058191507, -0.031427387, -0.024034576, 0.024256147, 0.029236542, -0.090787135, 0.016090354, -0.059754368, -0.042735524, 0.019449366, 0.029089728, 0.058403313, -0.014523727, -0.007291546, 0.0034308806, -0.007849396, 0.06040526, -0.0132641895, -0.042479437, 0.016297089, -0.029415792, -0.03558657, 0.022451103, 0.038795352, -0.076659516, 0.096382, -0.04935241, -0.044147946, 0.086947225, -0.06869887, -0.008102034, 0.017213816, 0.03649371, 0.062014725, 0.0016216433, 0.015893584, -0.06756033, -0.044779312, -0.057970576, 0.0030871632, 0.082905635, -0.03527601, -0.02724403, 0.052918017, -0.063654, -0.02247667, 0.04143876, 0.0343181, -0.0013200726, 0.07974349, -0.074299, 0.0031031445, -0.01771356, -5.145561e-33, 0.06327526, -0.021959092, 0.024067031, 0.15955096, 0.0651001, -0.04661154, 0.030467844, 0.013070595, -0.037609506, 0.0036877675, 0.086538024, 0.066163264, -0.0019425503, 0.1059556, 0.030075515, -0.063045815, 0.0060116826, -0.04652972, -0.03965664, -0.061703414, -0.008707568, -0.011765036, 0.0408882, -0.0042239944, 0.13585937, 0.040468562, 0.055059195, -0.030578488, 0.063652575, 0.0562488, -0.061332222, 0.09843757, -0.09357221, 0.011708154, -0.04964193, 0.057740286, -0.11448441, -0.11984518, 0.0107180225, 0.05876857, 0.014210062, 0.04938582, -0.04381332, -0.0233558, 0.0011181465, -0.020859716, 0.0705619, 0.088706456, 0.10213447, 0.00497064, 0.0218345, 0.012926962, -0.13332221, -0.06986851, 0.06255045, -0.051456977, 0.03090235, -0.0047644055, 0.11836464, 0.06407096, 0.04007674, 0.009039582, -0.053275026, 0.008676885, -0.0097653875, 0.035750948, -0.024056187, -0.03483693, 0.02152618, -0.008518318, -0.08044791, -0.010297787, 0.03509699, -0.079861, -0.055689488, 0.016411595, -0.098231375, -0.033292953, -0.10834785, 0.10679846, -0.10035263, -0.010915715, 0.059577025, -0.013655625, -0.04684695, 0.0177997, -0.007418852, 0.033380967, -0.015635377, 0.037549056, -0.019990167, -0.06957891, -0.00054563425, 0.0040633334, -0.011605197, 1.8224284e-33, -0.101836145, -0.008702835, -0.032579795, 0.008838883, 0.09304911, 0.008624028, -0.11108134, 0.0040902314, 0.04202673, 0.02040486, 0.008273604, 0.02102142, -0.007863722, -0.01898594, -0.013072304, -0.010425851, 0.055054925, -0.08982668, -0.05233478, -0.036358822, 0.030761873, 0.11310989, 0.017697046, -0.071590535, -0.025666624, -0.011300694, -0.020427618, -0.042915747, 0.008948158, -0.04842621, -0.013799151, -0.06942471, -0.12919013, -0.058968768, -0.040710635, 0.07346263, -0.025827631, -0.0151611315, -0.0044140336, -0.009842825, 0.15987161, -0.06156298, 0.042280618, 0.0065756906, 0.015125377, -0.025868772, -0.09272377, 0.0652117, -0.0512939, -0.0048396317, 0.07256564, 0.042587575, -0.019242406, -0.050919387, 0.047373667, -0.023285335, 0.0050916616, -0.01946805, 0.04041897, 0.050803255, -0.042550553, -0.045561682, 0.08394312, 0.07713156, -0.039915964, 0.006230262, -0.021306258, 0.08910583, 0.0068159983, -0.037032183, 0.009427081, 0.017237142, -0.01294761, 0.015376327, -0.07111573, 0.038565297, -0.036372337, 0.008643231, 0.022718519, -0.045791253, 0.024672333, -0.07566806, 0.012855614, 0.015141008, 0.024285063, 0.048025683, -0.0042991284, -0.07708613, 0.048761114, 0.025310362, -0.023796096, -0.00658633, 0.060686328, 0.066100046, 0.064117186, -1.8539808e-08, 0.013880516, 0.0376253, -0.018908301, -0.06887483, 0.0051428135, 0.050402995, -0.027286448, 0.015901618, -0.01469183, 0.0991899, 0.025477696, 0.037755154, 0.012473256, 0.07533337, 0.046056278, -0.094925866, 0.051386546, 0.07817512, -0.041287966, -0.061187368, 0.016433354, 0.0574812, 0.02868982, -0.014932408, 0.010356968, -0.04837919, 0.022221819, 0.0023156512, 0.0241804, 0.05554563, -0.02761198, 0.09888811, -0.02107891, -0.070871286, 0.06411201, 0.013714833, 0.012461159, -0.009736464, -0.003864198, -0.018333988, 0.016131932, 0.033404887, 0.0059471657, 0.031377185, -0.018195955, -0.00069732976, -0.06386673, -0.056287684, -0.03112149, -0.00681704, -0.053306215, 0.05713518, 0.009521467, -0.0023836168, 0.08710171, 0.04035857, 0.00834135, -0.078697756, -0.05844012, -0.019056192, 0.05487528, -0.0067608845, -0.020110114, 0.041587718]}