{"timestamp": 1777793097.112768, "embedding": [0.039115075, -0.025690269, -0.0012507546, -0.018760383, 0.047774803, 0.014675342, 0.027313486, 0.057073716, 0.16280586, 0.035291847, 0.027190043, 0.059497893, 0.031085746, -0.045651123, 0.024694357, 0.026502771, -0.0989181, -0.0046799853, -0.03681336, -0.10391831, 0.030034227, -0.027845366, -0.025157273, -0.018329056, -0.094778374, 0.06975707, -0.014200787, -0.015802843, -0.019029157, -0.0015364477, 0.09844806, 0.04153579, -0.0067682816, 0.03330939, -0.035318114, 0.06375527, -0.023746328, 0.025858866, -0.005520079, -0.026167614, -0.089887105, 0.042698942, -0.024582852, -0.0037542947, -0.0024328725, -0.025345922, 0.016156187, -6.732919e-05, -0.050519478, -0.009153256, -0.14655937, -0.022390654, -0.036659464, -0.006299418, 0.04974888, 0.0312784, -0.006900137, 0.0035810696, 0.029651202, -0.037373584, -0.036306106, -0.06751069, -0.043474205, -0.0076405415, 0.119590424, -0.010719862, 0.03650819, 0.042418696, -0.024536895, 0.022939023, 0.028815247, -0.007902573, -0.008773804, -0.10265443, 0.092465274, 0.0072030076, -0.04178942, -0.04897393, -0.020589389, -0.034090895, -0.03358849, 0.084415756, 0.0009951659, 0.008655151, 0.0041869353, 0.018446088, 0.043903735, 0.026925428, -0.034996957, 0.06584565, -0.048289556, -0.13566753, -0.07878117, -0.019344142, 0.06992701, 0.105112605, -0.074227236, -0.017486248, 0.014541811, 0.05803902, 0.08494879, -0.012461378, -0.023373164, -0.07815513, -0.03037749, -0.023314102, 0.059172492, -0.0062145917, 0.0041608345, -0.0017368856, -0.0881175, -0.057267003, -0.009687244, 0.054355215, -0.11332488, -0.008359579, 0.049817365, 0.030867513, -0.013330323, -0.0574084, 0.04533422, 0.061449826, 0.07370346, -0.017398335, 0.032778017, -0.12190097, -0.0050116577, -4.8513038e-33, 0.012360756, -0.09147231, 0.07436377, 0.022581136, 0.09035205, 0.0049120956, -0.042204864, -0.06121774, 0.0011453124, 0.05703277, 0.01806038, -0.023540864, 0.023750711, 0.08077463, -0.0022737088, -0.020810148, -0.08151, 0.022576516, 0.036160756, 0.030892897, -0.0052113137, 0.06960456, 0.035942495, -0.036433887, -0.07882198, -0.034308694, -0.024394754, 0.031267587, -0.0508871, -0.0039025124, -0.068147555, 0.061593264, -0.12977597, 0.050880756, -0.03910566, 0.025856623, 0.044677503, -0.009406989, 0.06584538, -0.03664342, 0.007249234, 0.01715425, 0.024712205, 0.021629777, -0.044293452, 0.05755901, 0.030275447, -0.044003196, -0.07515604, 0.07548526, 0.037670195, -0.013527555, 0.10843836, -0.03350433, -0.0015939148, 0.048037514, -0.039282527, 0.049446363, -0.006454471, 0.01259437, 0.06747971, 0.022953477, -0.013078649, 0.049305767, 0.007436426, 0.013672876, -0.077050336, -0.021985926, 0.09461148, 0.008264302, -0.016255895, 0.06060996, -0.04124915, 0.014671059, -0.02001078, 0.0019231327, -0.16077942, -0.0200641, -0.021260595, 0.0024146165, -0.03963052, -0.10158635, -0.104508154, 0.04831622, -0.0053068893, 0.005145157, -0.014248445, -0.04561749, 0.0047066025, 0.023248037, -0.018531341, -0.0052336184, 0.11739797, -0.026048742, 0.00024903563, 1.1293452e-33, -0.100838274, -0.044299252, 0.070924215, -0.04595147, -0.010985193, 0.00781592, -0.014953952, -0.034470357, -0.08604541, 0.024288276, 0.03659869, -0.00787978, -0.013067771, 0.11531283, 0.0063927234, -0.029755937, 0.01962636, -0.0055762907, 0.043319847, -0.05491474, 0.049118597, 0.010436972, -0.08426426, 0.0028757942, 0.016059907, 0.07459862, 0.07041495, 0.050694197, -0.027334167, -0.045690056, -0.040879674, -0.04606614, 0.008114936, 0.03750129, 0.023258999, 0.06616261, 0.03879578, 0.06549284, -0.027234923, -0.033557598, -0.04709126, -0.05218113, -0.003892881, -0.070814475, -0.08835943, -0.019426048, 0.0037437351, 0.07912555, 0.035155967, -0.033392128, 0.003719424, 0.10306384, -0.038993273, -0.10585189, -0.0075730416, -0.03526672, -0.021168903, -0.0049953414, 0.09213373, 0.03131999, -0.01922314, 0.030782362, -0.020430125, -0.0006980638, 0.018518543, -0.033098467, 0.0054838182, -0.078865126, 0.022402821, -0.018741507, 0.028792435, 0.07185309, -0.023629608, 0.015837828, 0.0815238, -0.026804872, -0.053214867, -0.08376055, -0.005780163, -0.072376125, -0.0023795366, -0.0825548, -0.008565756, 0.019946871, -0.03070144, -0.08389855, 0.0271006, 0.053150058, 0.048253287, -0.05650653, -0.009507611, 0.02393386, -0.048657075, 0.045055296, -0.07089017, -1.4297411e-08, -0.004908162, -0.10226435, 0.0060567157, 0.07545622, 0.0366202, 0.011135013, 0.09420571, -0.0021059536, -0.047120553, 0.003843615, 0.048995662, 0.03865054, -0.015000869, 0.06839614, 0.03558524, 0.0026758322, 0.02733938, -0.027954733, 0.013643051, -0.008647944, 0.025796147, 0.0011897389, -0.055649027, 0.09125608, -0.030996054, 0.007824694, 0.038294613, 0.061787505, -0.0030207406, 0.04646797, 0.06289014, 0.06413657, -0.106138974, 0.003041887, -0.04781992, -0.085716665, -0.044718713, 0.03538461, 0.07002396, -0.06862709, -0.02139939, 0.03230476, 0.00083989074, 0.012222161, 0.03376406, -0.0632009, -0.09848241, 0.049557906, -0.017234571, -0.00039487722, -0.011843245, 0.10053275, 0.024032576, 0.039503124, 0.047241032, -0.031452216, 0.023808952, 0.028535882, -0.11189695, 0.033992592, 0.12714572, 0.037022274, 0.027421528, -0.04743388]}