{"timestamp": 1777747706.764527, "embedding": [-0.026629407, 0.069995575, -0.05949262, -0.07152456, 0.049468465, -0.051936135, 0.022355877, 0.11252315, 0.028723016, 0.066913165, -0.06834687, 0.049363658, 0.070591755, -0.113979824, -0.09024576, -0.061296042, 0.043741163, -0.077559456, -0.014999868, -0.039993227, 0.067469366, -0.047165938, -0.09621665, 0.008095433, -0.08621138, 0.11460893, 0.011369627, 0.023119202, 0.0059011215, -0.12679937, 0.049472418, 0.013756638, 0.09408723, -0.042063955, -0.071051404, -0.034699555, 0.08017715, -0.038282536, -0.034467395, 0.03201724, -0.103937976, -0.021065112, 0.042696454, 0.07376926, 0.008079313, 0.014666458, -0.052821994, -0.006182895, 0.007993672, -0.0802852, -0.075970314, -0.031208485, 0.004396947, 0.0028946314, -0.0063898503, 0.07213832, 0.009158968, 0.018797653, -0.11763273, -0.07512766, 0.047812607, -0.012758741, -0.05353602, 0.020249577, 0.13855581, -0.0070883003, -0.03668378, 0.032216605, 0.019079534, -0.05606967, -0.044329822, -0.018262794, 0.00011697592, 0.020695467, -0.014796501, -0.05851668, -0.02839472, 0.026495682, -0.014267063, -0.008614207, 0.023761746, 0.04311039, -0.06715858, 0.068405315, 0.035133116, -0.03832257, -0.031148192, -0.09469862, 0.042962663, -0.026573837, 0.053614147, 0.03584885, -0.0042603323, 0.022724098, 0.04943076, 0.07214112, 0.0654654, -0.078177266, 0.052289274, 0.11202137, 0.06772493, 0.0368432, 0.08924867, 0.0038412497, -0.025003504, -0.05898332, -0.020968638, 0.076201685, -0.014522037, -0.04645316, -0.0049350914, -0.019254958, -0.07860364, 0.0061780335, 0.029265912, -0.05178771, -0.027211543, 0.037702344, 0.029961687, 0.002389723, 0.021269998, -0.039883006, -0.0231899, -0.014663413, 0.0037366732, 0.037591573, -0.058500312, -4.5559274e-33, -0.1116753, -0.028680252, -0.04853337, 0.047739685, 0.004945814, -0.07347081, -0.019391567, -0.006239606, 0.023413273, 0.09307716, 0.021431012, -0.03247894, 0.0058396826, 0.08775348, 0.11806833, -0.019609645, -0.049537737, 0.05563268, 0.02245537, -0.03535214, 0.005371876, 0.04733223, 0.024983421, -0.054034915, 0.09543217, 0.05495826, -0.017517386, -0.026262354, -0.04992439, -0.028626163, 0.020161372, 0.07585266, -0.0029817598, -0.00280514, -0.016120821, 0.034755416, 0.052888777, -0.07741321, 0.04670991, -0.11059812, -0.017673504, -0.019609774, -0.024189366, 0.0010778904, 0.0058736363, 0.07808297, -0.012778428, -0.022519432, -0.062752694, 0.04365609, 0.008644034, 0.014504062, 0.0714752, 0.06738318, 0.105566405, -0.0369864, 0.0036706275, -0.072590955, -0.036188975, 0.16491619, -0.013588474, 0.0030250682, 0.04944386, -0.023580968, 0.016770188, 0.01222301, 0.019081643, -0.04061845, 0.090328164, 0.03695064, -0.11244945, -0.0113770515, 0.040032722, 0.051963765, -0.038137168, -0.006884328, -0.023378532, 0.004035651, -0.06477517, 0.02787967, -0.051520117, 0.02817436, -0.0049888, 0.039483774, -0.01489829, 0.016317617, -0.025653083, -0.018564874, -0.07000887, -0.015496525, 0.019335728, 0.00080663414, 0.01302497, 0.078673266, 0.058857158, 2.4604171e-33, -0.016401926, -0.0006992602, -0.05443958, -0.05993318, 0.03595821, -0.01958984, -0.06199033, -0.016673753, -0.0054339836, 0.07863256, 0.0052112634, 0.013721318, 0.0740944, 0.057702836, -0.0370302, 0.011724593, -0.009460186, -0.091010995, -0.005793743, -0.005821648, 0.033768974, 0.15831836, -0.06334611, -0.058666192, -0.0212915, 0.025366949, -0.11417836, -0.07764611, 0.020364618, -0.018695053, 0.0106441425, -0.10577933, 0.04579058, 0.08471577, 0.042896282, 0.029448321, -0.010458277, 0.05613024, -0.007091007, -0.04987614, 0.060553066, -0.07600118, -0.0008478933, -0.026893495, -0.0008410938, -0.0025149295, -0.007398567, 0.048496544, 0.017252706, -0.050340615, 0.021996742, -0.010359841, 0.07713075, -0.04015369, 0.01976905, -0.075076535, 0.029450672, 0.00064557645, 0.10739414, -0.0030306855, 0.046638776, -0.061272543, -0.05241518, 0.02032538, -0.031197384, -0.01909227, -0.0009473137, -0.05009796, 0.02560365, 0.007549219, 0.015106646, -0.0030653724, -0.015996248, 0.011442775, 0.056832373, -0.044579938, -0.032880146, -0.039601676, -0.0385785, 0.018468289, -0.11965492, 0.049700286, 0.0033709642, 0.03217019, -0.08243865, -0.018493365, -0.020630404, 0.0033919243, 0.010918669, -0.06823603, -0.006660517, -0.001999889, -0.019553803, 0.09671866, -0.057886988, -1.27359225e-08, -0.011954134, -0.0528413, 0.016109461, 0.0049185427, -0.05082466, 0.027592914, -0.0055672457, -0.021028014, -0.016293611, -0.0137674855, 0.02740246, -0.0039746836, 0.018669669, 0.05727274, 0.06712286, 0.075684704, -0.005410909, 0.094038025, -0.077152796, -0.018498532, 0.06279587, -0.00901058, 0.02755646, 0.026978401, 0.06263517, -0.0011249661, 0.048136774, 0.028386848, 0.057379577, 0.08364761, -0.026928233, 0.078228995, -0.019941535, 0.06620588, 0.004573608, 0.008085106, -0.024745367, -0.006744691, 0.070190065, -0.00826671, -0.03843012, -0.024038147, -0.05636659, 0.020702798, 0.03285912, 0.035942707, -0.03696424, 0.01589891, -0.0544081, 0.06919283, -0.06577797, 0.00043380354, 0.0027551984, 0.05034161, -0.0049221613, -0.038789377, 0.066831164, -0.03101132, 0.045171965, 0.059188604, -0.025312178, 0.16284269, 0.001164817, 0.020979166]}