{"timestamp": 1777747227.070029, "embedding": [-0.012622272, 0.008157946, 0.010682869, -0.0043099737, -0.03385394, -0.021676682, 0.07448452, 0.08433021, -0.0133119365, -0.02261871, -0.0024623722, -0.011008296, 0.06013958, -0.032848246, -0.027104108, 0.012235663, 0.11285654, -0.074397564, -0.009990691, -0.047898173, -0.008676859, -0.07135698, 0.010867658, -0.017826261, 0.04318014, 0.0316411, -0.036232714, 0.060543094, 0.020204099, -0.041335046, -0.03890086, 0.035539288, 0.07807565, 0.003406468, -0.11139505, -0.025291074, 0.03626914, -0.008871376, -0.058464445, -0.07296698, -0.094281815, -0.01256861, 0.0006655623, 0.024091115, 0.040132515, -0.04284102, -0.011115711, -0.0011003359, 0.02397305, 0.044959042, 0.020235684, -0.03798084, 0.045462497, 0.021160265, -0.030728672, -0.009129793, -0.05086898, -0.0013957727, -0.034193944, 0.0045050117, -0.013185169, -0.00069992914, -0.05034085, 0.1137172, 0.06510355, -0.070946716, -0.08684986, -0.10959826, 0.034673784, -0.048400115, -0.10946757, 0.032689933, -0.04834051, -0.029789958, -0.02247671, -0.039114226, 0.015905943, -0.080033556, -0.057324864, 0.027045432, 0.049094476, -0.0147574805, 0.008588292, 0.011733416, 0.016551375, -0.02944323, 0.051266734, 0.014263456, -0.06752591, -0.016918348, 0.09465011, 0.050807994, -0.055184994, -0.039649174, 0.01890741, 0.010753386, 0.007912848, -0.02428771, -0.013869124, 0.062238663, 0.016274976, -0.0034322154, 0.007521048, -0.079390876, -0.032204725, 0.04819002, -0.016118713, 0.0153743625, -0.05285054, -0.0045098886, -0.042981587, -0.040995408, -0.060290493, -0.03594477, 0.05196435, -0.022415606, 0.0054311566, 0.05040852, 0.07515728, 0.03163427, 0.058833662, 0.06487433, 0.04236847, 0.01887478, -0.034515094, -0.036860894, 0.070919886, -6.3863425e-33, -0.0069733984, -0.0619082, -0.00046997744, 0.05125393, -0.021707432, 0.02300407, -0.005082769, 0.013293297, -0.019297197, 0.050258838, 0.10592381, 0.11746527, 0.025661709, 0.08730568, 0.12043115, 0.010004403, -0.06166556, 0.050723836, -0.064144254, 0.012269133, 0.025722113, 0.014769555, -0.00022949275, 0.11725896, 0.030909365, 0.06452325, 0.009961646, 0.04188696, 0.06980462, 0.011186109, -0.044312436, -0.044294592, -0.07969388, -0.098659255, 0.034044825, 0.060446832, 0.014465311, -0.0013678343, 0.021457005, 0.017363364, -0.09541967, -0.015163617, 0.0023894287, -0.03301399, -0.12828664, 0.07067484, 0.04326984, 0.016513158, -0.081439115, 0.05365201, -0.10570017, 0.008763378, -0.034773268, 0.10847104, -6.8245114e-05, 0.05621085, 0.015939359, -0.02739684, 0.014099736, 0.067675695, 0.04992845, 0.038716104, 0.016243534, -0.050743245, -0.070565954, -0.05674363, 0.024908252, -0.02917078, 0.032649454, 0.06919075, -0.09710605, -0.038975246, 0.030234627, -0.061724015, -0.05856192, -0.039285656, -0.040687583, 0.015252561, -0.06047536, 0.0632215, 0.005538429, 0.012854541, 0.041812796, -0.035714198, 0.06670335, 0.07893745, -0.020135898, -0.08880124, -0.07838897, 0.013235118, -0.0058177663, -0.012021607, 0.10092355, -0.0042972984, -0.018668545, 4.1300208e-33, -0.071509935, 0.016977405, -0.031431656, 0.0383302, -0.031537168, -0.059462976, -0.023840474, 0.15397695, -0.03570547, 0.01763358, -0.033352938, 0.06713622, 0.007037098, 0.048885968, -0.024439074, 0.020594927, 0.014339174, -0.030665517, -0.0064641195, -0.058571912, 0.030652627, 0.04993913, -0.042759113, -0.049019877, -0.033729427, 0.00064337865, -0.015563131, -0.025562132, -0.024930729, -0.07606129, 0.13079023, -0.0021389062, -0.046994083, -0.02896929, -0.010609232, 0.014932915, 0.08046393, 0.1080774, 0.023159472, 0.008022153, 0.112633236, 0.0077362475, -0.048986685, -0.009970276, -0.0072975, -0.0019447319, -0.006398283, -0.11460514, -0.023030428, 0.004742311, -0.019619651, -0.028051047, -0.0060232277, -0.07864986, -0.007946125, -0.13770221, 0.05048155, -0.065635905, 0.07544353, -0.06751221, -0.026725229, 0.03905285, -0.042338952, 0.06441748, 0.02218782, -0.011368691, -0.02506941, -0.00034182097, -0.14449364, -0.01724107, -0.006980604, -0.058704343, -0.088897236, 0.012869488, 0.048715074, 0.03425017, 0.009175124, -0.060244158, -0.0217063, -0.013914237, -0.03299263, 0.0045400113, 0.0552113, -0.056533616, -0.052064423, 0.034702178, 0.027555868, -0.007356585, -0.057959862, -0.00039654088, 0.019341154, 0.07166728, -0.09544435, 0.0188769, 0.039001707, -1.8423872e-08, -0.036896963, 0.008926089, 0.059427887, 0.0051664393, 0.027002586, 0.017297061, 0.03360947, 0.062264618, -0.06374275, 0.04178539, 0.03724695, -0.021377595, -0.08651218, 0.049925797, 0.112055294, 0.076773405, 0.04837339, 0.1257753, -0.05717345, -0.0064156754, 0.09928404, 0.13215649, -0.025992274, -0.04857646, -0.0027667435, 0.06358945, 0.0046344083, 0.04005167, -0.01388331, -0.03588336, -0.012767473, 0.074763894, 0.014344447, -0.019738654, -0.06773429, -0.011987364, -0.017431377, -0.030371193, -0.00033590675, 0.017815312, 0.0030605013, -0.015556117, 0.039527137, 0.0379195, 0.017527249, -0.010745788, -0.049898095, -0.065574706, 0.0346531, 0.04708817, -0.044891212, -0.0026549667, 0.039672602, 0.06415831, 0.10816529, -0.032198366, 0.07439194, 0.020652464, 0.021367438, 0.03434153, 0.0009436785, 0.033897575, -0.089154534, 0.04927698]}