{"timestamp": 1777746693.846963, "embedding": [0.029483292, 0.033168577, -0.045198824, -0.116268374, -0.0035540054, -0.0027218433, 0.054799337, 0.06458527, -0.06400201, 0.064701036, -0.063720554, 0.042374138, 0.05166252, -0.11209974, 0.009157355, -0.0515687, 0.039377507, -0.052659366, -0.051280815, -0.03999615, 0.10664745, -0.051067393, -0.08682587, 0.013246611, -0.093127966, 0.07017099, 0.02727625, -0.010514138, -0.022641554, -0.063837655, -0.018038293, 0.03907472, 0.07327459, -0.02776079, -0.06867917, 0.016262978, 0.060170677, -0.06367083, 0.004557153, 0.026454445, -0.07038952, -0.062495034, -0.0006670223, 0.020277949, 0.021585526, -0.024847118, -0.07143858, -0.042405285, -0.03147785, -0.06990783, -0.09162954, -0.02317302, -0.080590464, 0.015880994, -0.010178379, 0.02165855, 0.014716307, -0.022216028, -0.070473135, -0.056003306, 0.018948283, -0.028856467, -0.03912031, 0.015312554, 0.029962715, 0.03221626, 0.00037838437, -0.015609906, -0.0025847605, 0.045815267, -0.055897307, -0.05251538, 0.08460294, 0.0055043343, -0.03641688, -0.059350777, -0.05331128, 0.01331884, -0.041096248, -0.029228102, -0.040058266, 0.09041047, -0.072216645, 0.0256929, -0.035180386, 0.024119409, -0.037599575, -0.11340973, -0.0019040446, -0.05308306, 0.022562528, -0.011502009, 0.030831495, -0.02724032, 0.09882413, 0.054977223, 0.019378694, -0.12091283, 0.03145929, -0.010436357, 0.020559894, -0.0021833088, 0.056950513, 0.035140816, -0.0011056154, -0.038971584, -0.024071405, 0.024388034, -0.039338734, -0.047878385, -0.09403176, -0.020920044, -0.06050523, -0.05871722, 0.08523362, -0.010607651, -0.021789886, 0.014550834, 0.07424414, 0.006542438, 0.010129654, -0.0132501, 0.03142461, -0.04439442, -0.021829119, 0.0061092163, -0.05241751, -6.289094e-33, -0.15981978, -0.014607495, -0.014495031, 0.11804613, 0.017486317, -0.034013525, 0.002428224, -0.02925187, 0.043532997, 0.044179622, -0.0115702925, 0.013478422, 0.026364965, 0.049830683, 0.11441485, 0.016652806, -0.027659979, 0.08851808, 0.03294143, -0.051685054, 0.030693661, 0.022448156, 0.009332206, -0.044326138, 0.08049034, 0.0631252, -0.021083415, -0.01134231, -0.06399691, -0.008890751, 0.027286228, 0.055791933, 0.01922915, 0.0111043155, 0.035143156, 0.024537805, 0.032939956, -0.041618828, 0.021003088, -0.100452945, -0.097787485, -0.024695294, -0.119100556, 0.04040584, 0.094150834, 0.0674545, 0.011223703, 0.0074420576, -0.0121341925, 0.009317325, -0.039324243, 0.028320592, 0.09772937, 0.01684584, 0.052714232, -0.0364303, -0.004963474, -0.0324837, -0.037291348, 0.10717166, -0.09562937, -0.01975106, 0.032795083, -0.043830287, 0.07789891, 0.021892743, 0.032841895, -0.01906982, 0.04050048, 0.032039456, -0.080053985, 0.0074650757, 0.012367659, 0.045523945, -0.037307683, 0.040357444, -0.020188326, -0.028661977, -0.07074615, 0.041756745, -0.090925485, 0.060088452, 0.024776516, 0.024105472, -0.012187541, 0.04810581, 0.060337093, -0.06829516, -0.08278296, -0.011967534, 0.007407474, 0.03522722, 0.00624293, 0.052972224, 0.006514103, 1.41798625e-33, 0.05261749, -0.014324853, -0.07725449, 0.01578123, 0.04511042, -0.012568587, -0.0926291, -0.08422818, -0.038045663, 0.05162939, -0.030298093, -0.0126861455, 0.025819376, 0.0028615133, -0.059376337, 0.021088371, -0.043882094, -0.121779025, 0.0148027055, 0.057143394, 0.038878914, 0.091711454, -0.11522328, -0.006124498, 0.019036427, 0.04056426, -0.05601874, -0.10052599, 0.007959543, -0.025982698, -0.020442095, -0.06459008, 0.052355297, 0.062300045, 0.016813165, -0.018580073, 0.05258481, 0.013917757, -0.0035564115, 0.047512047, 0.044397835, -0.04129255, 0.041230824, -0.023765642, -0.0044128606, -0.047061168, -0.020318499, 0.056861408, -0.05517914, -0.0427158, 0.08072575, -0.07113047, 0.011956836, -0.04401621, 0.06067275, 0.029628495, 0.090967, 0.003853636, 0.14384817, 0.0455627, 0.05305367, -0.051833443, 0.028736886, 0.042006727, -0.012159368, -0.034429476, 0.0348332, -0.028852254, 0.005938784, -0.05305539, -0.064378925, -0.014123976, -0.020998986, -0.00231161, -0.03503413, -0.049009856, 0.007070891, -0.0049327463, -0.05820843, 0.08580548, -0.043655314, 0.027617032, -0.039320767, 0.042588398, -0.07283275, 0.020582443, 0.016538272, 0.014541627, 0.06719167, -0.08260135, -0.0332379, 0.029580181, -0.05924218, 0.09203689, -0.09491641, -2.1916808e-08, 0.001237618, -0.03158916, 0.024870994, 0.008719698, -0.054900456, 0.0686636, -0.04787026, 0.004171723, 0.0034070695, 0.048537027, 0.064645424, 0.014276819, 0.0028029962, 0.11106274, 0.073198825, -0.014404967, -0.04550569, 0.039113898, -0.017771544, -0.04321335, 0.051594306, -0.029170422, 0.010104173, -0.000976622, 0.07558092, -0.03917161, 0.028935833, 0.048862282, 0.059954762, 0.08909452, 0.0056508114, 0.038891207, 0.017313078, 0.036494825, 0.012337392, 0.06900807, -0.0026324445, 0.010315548, 0.054466497, 0.038269553, -0.026881784, -0.0039755167, -0.07037468, 0.0522582, 0.026494432, -0.00416393, -0.04781155, 0.04470041, -0.0348257, 0.028574247, -0.12845728, 0.06896827, 0.008490846, 0.07016297, 0.05119252, 0.026753115, 0.08058353, -0.06541489, 0.06993601, 0.038079295, -0.0059052673, 0.12182106, -0.029307239, 0.02271723]}