{"timestamp": 1777747210.1045592, "embedding": [0.014639179, 0.0018583315, -0.05327641, -0.030299509, -0.086513914, -0.015021953, 0.13865495, 0.027380308, -0.08706292, -0.007796291, -0.033037692, -0.0048016254, -0.05407936, 0.05097232, 0.021636888, 0.003510483, 0.009548691, -0.013853621, -0.05264855, -0.08828561, 0.011837962, -0.02774188, 0.052530386, -0.032639395, -0.018950813, 0.022419121, -0.017575687, -0.025576562, 0.030936405, -0.06254764, 0.025239758, 0.015061576, 0.069016755, 0.04511102, -0.105909646, 0.035181444, 0.07875954, 0.03090737, -0.005755534, -0.044048972, -0.07990859, -0.094252445, 0.003030432, -0.016360603, 0.051010195, -0.017539052, 0.031428304, 0.03485878, -0.0046504997, 0.045950122, -0.045216277, -0.007633569, -0.024871131, 0.014665035, 0.0003445442, 0.022148157, 0.0028097022, 0.0654407, 0.0118248975, -0.018684542, -0.029612252, -0.009823655, -0.08073502, 0.093035124, 0.032014646, -0.013212649, -0.07453683, -0.044592485, 0.0023670245, -0.06481786, -0.040114284, -0.027290761, -0.059789203, 0.041355625, 0.08026444, -0.10569995, -0.010440946, -0.11011968, -0.0043439763, -0.021918442, -0.00891012, 0.057322342, -0.028784314, 0.020106126, -0.003908329, 0.042468727, 0.0055329483, 0.033840865, -0.00545639, -0.00036184659, 0.09680757, -0.028640853, -0.015360192, -0.079645425, -0.042687517, 0.037488107, -0.0013492159, -0.0609873, -0.095916815, 0.03334909, 0.022508226, -0.021752136, 0.028628051, 0.054503646, -0.013621153, 0.011104923, 0.008632363, 0.017502548, -0.013106878, 0.017180165, -0.07426922, 0.019663893, -0.10590289, 0.01843313, 0.06372221, 0.019269366, -0.0999179, 0.017440116, -0.018877087, 0.051065907, 0.0340931, 0.070983864, 0.04166962, -0.0010100454, 0.00047947926, -0.05802423, -0.07471757, -6.301564e-33, 0.052461367, 0.049801398, -0.01884916, 0.11052377, 0.00017696143, 0.028514886, 0.026683234, -0.006433387, 0.006797007, 0.024670526, 0.015778208, 0.10989403, -0.029499473, 0.123768754, 0.13343322, 0.08246543, -0.078753054, 0.007889163, -0.0075959624, 0.0118442215, 0.046338245, 0.0342222, 0.03317967, 0.085537754, 0.020598853, -0.0026667768, 0.035777185, 0.038028494, 0.05789809, 0.010640399, -0.063728385, -0.0229515, -0.081419826, -0.022641724, 0.01691904, 0.07573538, -0.020608211, -0.07844681, 0.10347371, -0.01918765, -0.087700926, -0.04573905, -0.042551123, 0.06872499, -0.05701417, -0.007921951, 0.06904723, -0.021757688, -0.07066735, 0.15339842, 0.0009294323, 0.0026909378, 0.041227866, -0.06844306, 0.031557884, 0.038608316, 0.059130825, 0.009261804, -0.04966768, 0.015149255, 0.0780159, 0.03888888, -0.0682437, 0.0010122372, -0.02808508, -0.03817622, -0.008501058, 0.002688387, 0.117414504, -0.007860916, -0.078945115, -0.029820753, 0.051772516, -0.0048445617, -0.12405687, -0.0184973, -0.021380477, -0.046047263, -0.004172429, 0.061162412, -0.0056323446, -0.02217476, 0.0135918595, -0.011819485, -0.046220712, -0.042630915, -0.0006110975, -0.1013828, 0.008532348, 0.018105572, 0.0063770353, -0.028598506, -0.029506972, 0.044146087, -0.06182167, 3.477466e-33, -0.054168336, -0.079251766, -0.047860723, 0.06629866, -0.010234033, 0.026812209, 0.062728964, -0.020308519, -0.023302913, -0.036203522, -0.01878628, 0.036857452, 0.0010648844, -0.008546588, -0.00411229, -0.02226377, -0.07072988, -0.001638971, -0.0035450358, -0.00037494814, 0.017303325, 0.104706906, -0.022254296, 0.05509738, -0.031927772, -0.004998162, -0.040402826, -0.13952647, -0.02208558, -0.016471198, 0.067210644, -0.016804729, 0.024742883, -0.0045936746, -0.029781409, 0.0014770587, 0.026887434, 0.021618715, -0.020033214, 0.07696854, 0.10016223, 0.05752782, 0.03073325, 0.0022529154, -0.020601958, 0.05120978, -0.06680217, -0.036421224, 0.017129196, 0.007952702, 0.07858658, -0.047863696, 0.00755755, -0.052930444, -0.011166682, 0.0035838059, 0.05548556, -0.12563731, 0.09180991, -0.005893611, 0.029119374, 0.010927518, -0.0052028005, 0.060000923, -0.006922797, -0.054483056, -0.0363319, 0.0747515, -0.07050777, 0.014701306, 0.070254445, -0.015658345, 0.08166427, -0.121618, -0.0524087, -0.040929057, -0.07053718, 0.0060589993, -0.015853537, -0.052486513, -0.034238856, -0.04413206, -0.025684392, 0.015958996, -0.02458845, 0.06355951, 0.0012315719, -0.026128469, 0.010003835, -0.06341063, -0.0013366687, 0.12014407, -0.07873395, 0.0036165032, -0.06271437, -1.8305913e-08, -0.055259433, -0.020060152, 0.048052534, -0.026692342, 0.029956251, 0.04585025, -0.040708218, 0.047375012, 0.011736992, 0.053404234, 0.07031218, -0.013347163, -0.028174927, -0.03076084, 0.16117306, 0.009402323, 0.02603111, 0.1033441, -0.04543435, -0.056312423, 0.15525989, -0.011312902, -0.069556594, 0.027788542, 0.016843019, -0.047475196, -0.049625047, 0.052967474, -0.03129512, 0.12757176, 0.02398897, 0.00197813, 0.04680079, -0.053655237, 0.054392003, 0.064380065, -0.018953903, -0.061539598, -0.029601282, 0.022261081, -0.026713256, 0.05025707, 0.02012287, 0.045315463, 0.00087949226, -0.046626616, -0.0053605656, -0.026303533, 0.03622454, -0.03645616, -0.0200562, 0.025163472, -0.020894483, 0.0103099495, 0.016918963, 0.04357603, 0.08587641, 0.025629196, -0.00046818526, 0.013738912, 0.053294513, 0.10773342, -0.01324256, 0.03637314]}