{"timestamp": 1777748466.452364, "embedding": [0.0700718, 0.07270861, 0.016566696, 0.03386477, 0.0010574321, 0.02049001, 0.002032681, -0.04315093, 0.009866433, -0.03713974, 0.004764074, -0.03826141, 0.01492597, -0.017809112, -0.01834331, -0.042916454, -0.064202175, 0.0337283, -0.13162418, -0.007590819, -0.06005038, -0.09148363, 0.004148447, -0.0021427893, -0.0037489536, -0.0027556869, 0.0005943599, 0.050322942, 0.047865085, -0.07562195, 0.033055127, 0.0068955696, -0.015424554, 0.016092882, -0.08524551, 0.14098322, 0.055497643, -0.000689449, -0.08817275, 0.016868234, -0.025616854, -0.06981575, -0.03406381, -0.048898224, -0.01817648, 0.009295546, -0.08937128, 0.036419243, -0.007647929, -0.025831833, -0.082986705, -0.041261874, -0.06568254, -0.0064983964, 0.09427131, 0.0479443, -0.0067409966, -0.00912727, 0.02528656, -0.06900536, 0.045268785, 0.008538839, 0.0125566665, 0.008258813, 0.056153655, -0.08493201, 0.033043947, 0.0074829194, -0.04248482, 0.04616976, 0.019097026, -0.029798342, -0.11818236, -0.0074460097, 0.03282917, 0.043708805, -0.055443283, -0.0041696304, 0.017854108, -0.014947843, -0.06770947, 0.012864124, -0.019952348, 0.005130938, -0.017365634, -0.055285234, 0.04936529, -0.033940513, 0.023172466, 0.01880056, 0.021102684, 0.08053125, -0.026828185, -0.02309503, 0.058300637, 0.021632131, 0.03459312, 0.071645625, -0.027654845, 0.05386468, 0.052107926, -0.03794961, 0.027147403, 0.000907852, 0.05751619, -0.005039464, -0.056475673, -0.0022579478, -0.025839247, -0.02996662, 0.025247175, -0.01598636, -0.04323086, -0.03499345, -0.0065191565, 0.11615344, -0.0027089894, -0.039938405, -0.08870772, -0.00014075584, 0.005048263, 0.06352307, 0.003504853, 0.018616233, -0.053454015, -0.06709863, -0.089721926, -2.6993938e-33, 0.053359844, -0.026564881, 0.025235029, -0.0025853266, 0.099398494, -0.019967075, -0.039845213, 0.037654724, -0.011619553, -0.0045715985, -0.01907101, 0.06010518, 0.050484948, 0.003351979, 0.026229175, -0.09120624, -0.012733537, 0.07414909, -0.028899137, 0.0024904043, 0.025917308, -0.01881575, 0.040071517, -0.05208563, -0.028052866, 0.045924574, 0.06380503, -0.02594924, -0.020731598, 0.024177678, 0.03854131, -0.068812124, 0.010121632, -0.04524283, -0.06815173, 0.007552898, -0.017802652, -0.086717516, -0.011976099, -0.056703776, 0.02840613, -0.045040846, 0.044662964, 0.011784928, -0.11700623, 0.022912366, 0.021069055, -0.032629598, -0.09635635, 0.019576313, 0.0062851133, 0.019212427, 0.038380373, 0.044769276, -0.058296084, 0.05893434, 0.035705116, -0.017439056, -0.09500593, 0.01745565, 0.05853589, 0.0541358, 0.032086305, 0.054450773, 0.006544484, -0.02613201, -0.019307377, 0.12234712, 0.05178127, 0.03545392, -0.042054325, 0.09404712, -0.053908683, 0.009018719, 0.013569448, -0.03416151, -0.08397249, -0.0019365584, -0.034101564, -0.018915854, -0.093775794, 0.09481393, 0.024637142, -0.068953015, -0.10942955, 0.0024637394, 0.08592838, -0.010057648, -0.033775445, 0.015100235, -0.10643244, -0.006779432, 0.04203285, -0.051968183, -0.015882878, 9.067098e-34, -0.00093098567, -0.038280997, -0.03944197, 0.05786658, 0.019472867, 0.027749617, 0.023509974, 0.009364716, -0.052275777, -0.02580782, 0.032077417, 0.016970785, 0.118270144, 0.0109250415, -0.039719824, -0.00095733174, 0.055748876, -0.024178544, 0.004802001, 0.030407019, -0.03218398, -0.022764279, -0.04632373, -0.004074106, -0.039761595, 0.047780897, 0.04305927, -0.20648329, -0.026297987, 0.10041291, 0.033760183, 0.028708993, -0.072664104, -0.014402612, -0.041785598, 0.0912456, 0.048242174, 0.039966512, 0.0055921464, 0.05132725, 0.036240023, -0.033485383, 0.037906386, 0.009974321, -0.020565016, 0.04357078, 0.034294907, 0.099716745, -0.06951043, -0.007108636, 0.029774785, 0.012488179, 0.058206495, 0.1181242, -0.03526679, 0.08253926, -0.028192589, 0.023143806, -0.062138468, 0.014989975, -0.028058572, -0.012967602, -0.030602966, -0.024003062, -0.018386533, 0.07112143, -0.10254234, -0.11063569, 0.07485308, -0.11482055, 0.013501777, 0.016373014, -0.050021283, 0.061640445, 0.0054961685, 0.02741365, -0.017814668, 0.045548253, 0.017614823, 0.03568178, 0.062201448, -0.009082137, -0.022193054, -0.026686564, 0.03635734, -0.20026521, 0.047852594, 0.025301643, -0.029208692, -0.07720451, -0.05738051, -0.012321307, -0.100661546, 0.02480196, 0.028238164, -1.3182406e-08, -0.018798012, 0.02958712, -0.037404146, 0.02295901, 0.029207492, 0.012893905, 0.016291156, -0.11139793, 0.016196428, 0.047722455, -0.026320355, -0.018576926, -0.028535051, -0.013615211, 0.030270448, 0.0701133, 0.025422331, 0.08461348, -0.01672301, 0.028174624, -0.024159225, 0.029132212, -0.020717232, 0.026006708, 0.026331708, 0.037881423, 0.008223864, -0.034049775, 0.07317578, 0.032522198, 0.042529877, 0.053680528, -0.022675006, -0.020733766, 0.015995476, 0.110546716, -0.09075372, 0.014611801, 0.10897057, 0.021057155, -0.012194556, 0.03582912, -0.039506476, -0.022619218, -0.06479638, 0.0071209506, -0.03417069, 0.034873687, -0.086820535, 0.089813374, 0.0380934, 0.05080061, 0.13645652, -0.03198175, 0.024842205, 0.033002928, 0.0339349, -0.063451655, -0.0054852245, 0.014314594, 0.0484752, -0.005264655, 0.12169738, 0.002115103]}