{"timestamp": 1777755495.41773, "embedding": [-0.060260497, 0.07636955, -0.003737274, 0.05950556, -0.13820669, -0.018422015, 0.052254677, -0.021385213, -0.012662773, 0.016233463, 0.03958177, -0.1146097, -0.049789365, -0.015471337, -0.043315277, 0.023342477, 0.010689166, 0.029036958, 0.06603842, -0.0037974392, 0.007936783, 0.07768623, -0.05259289, 0.033894084, -0.012572173, -0.01986935, -0.05933276, 0.028118761, 0.012419251, -0.018857881, 0.015217083, -0.05599183, 0.08490613, 0.025811885, -0.071197115, 0.04641502, -0.05544668, 0.01016066, 0.0923999, -0.04704335, 0.014678364, 0.03327529, 0.055905778, -0.004900371, -0.026501173, 0.033149198, -0.011224636, -0.008555251, -0.0006730999, 0.020220745, -0.020358067, -0.09456612, -0.056575242, -0.020880995, 0.04865577, -0.061599184, -0.04512592, -0.08522134, -0.035535317, 0.062374707, 0.028644564, 0.05036514, -0.019860141, 0.0361467, -0.05662751, -0.033831723, -0.017256081, -0.09875448, 0.040690042, 0.0051165954, 0.10873138, -0.06414247, 0.063021176, -0.08489534, -0.07122047, -0.11838077, 0.06720895, 0.033359185, -0.0798985, -0.03264146, -0.06543481, 0.044244424, 0.030868717, 0.026207542, -0.008215992, 0.0048041213, 0.0062774653, 0.02125468, -0.07233317, -0.041907683, 0.022087019, -0.042222396, -0.016063299, -0.035385918, -0.00590688, -0.0077615734, 0.0064492924, -0.0009985949, -0.074129455, 0.07942362, 0.0050047627, 0.03031732, -0.016115084, 0.025518676, -0.035492294, 0.012061225, -0.0718684, -0.037604205, -0.015319179, -0.03102601, -0.010970534, 0.0013962219, -0.040364925, 0.03842504, -0.079242244, 0.011084273, -0.121515505, 0.031447534, 0.047666684, 0.07198404, -0.034576353, 0.029942777, -0.005324278, 0.033025023, -0.042337827, -0.02181035, -0.053842004, -7.36622e-33, -0.026939739, -0.0033608775, 0.014242234, -0.01282169, -0.017948152, -0.040777445, -0.05117006, -0.057601914, -0.032690916, -0.018929338, 0.06339503, -0.06061587, 0.049613353, -0.019940084, 0.045028415, 0.027542626, -0.11918122, 0.07086609, -0.0045057596, -0.0022279639, -0.08921741, 0.042755008, -0.0029177577, -0.045585655, -0.017276617, 0.05325171, 0.056337927, -0.04909136, -0.05302864, 0.046679847, 0.06530233, -0.004798904, -0.040124822, 0.015750222, -0.00037503286, 0.05154775, -0.0075425287, -0.108356036, -0.10291099, 0.022711905, 0.07566409, 0.02933482, -0.05840346, 0.08914129, -0.012155817, 0.014897632, 0.005065688, 0.10434089, 0.08112393, 0.034377474, -0.0077161025, 0.023326106, 0.09173333, -0.06160001, -0.030875705, 0.028045382, 0.007017704, 0.03827938, 0.008897206, 0.027400492, 0.026507823, -0.09046267, -0.033070356, 0.029273687, 0.016417092, -0.021020178, 0.0111184325, -0.028852927, 0.029279808, -0.020193929, -0.02824922, -0.043936945, 0.047856245, 0.114871584, -0.06325876, -0.014251587, 0.06533573, -0.004929066, -0.054273948, 0.068206705, -0.15373357, 0.07653249, 0.011518862, -0.04486481, 0.008524224, 0.026467726, 0.028955026, 0.01899997, 0.03246545, 0.0415333, -0.07756951, 0.03679391, -0.09786166, -0.0065138997, -0.030697234, 3.505358e-33, -0.03734062, -0.046993714, -0.07174097, 0.0066601993, -0.057822604, 0.0032323755, 0.017016804, 0.07802395, -0.013674479, 0.05235749, 0.059986666, 0.07079492, 0.018691327, -0.06635139, 0.11001158, 0.015524807, 0.015625374, 0.023212662, -0.047407676, 0.06799351, -0.004753714, 0.053732585, -0.10240694, -0.066330574, -0.03257094, 0.054004535, -0.04742408, 0.019954385, -0.069774255, -0.011698805, 0.03598843, 0.004198372, -0.11842059, 0.044194814, -0.055054147, 0.087445356, -0.009537841, -0.037075307, -0.028267445, 0.16426201, 0.015470903, 0.10483216, 0.07642657, 0.12747127, 0.03790846, 0.019191962, -0.007258474, 0.11672377, -0.054745752, -0.044732213, -0.022207268, -0.024604222, 0.031509597, -0.0663991, 0.04634508, 0.020963712, -0.06432353, 0.009551164, -0.017520463, -0.034766357, 0.060095, 0.025599575, 0.07325016, 0.04385078, -0.074307635, 0.009657985, -0.059422713, -0.026096268, -0.020972513, 0.025627924, 0.00023537778, -0.034005843, -0.06662723, -0.0350356, -0.099127986, 0.111918025, 0.06226334, 0.011051043, -0.03242529, -0.07510957, 0.021572696, 0.052635312, 0.036331736, 0.038509097, 0.038689874, -0.0071648043, -0.024016744, 0.053079244, 0.084644414, 0.013273363, -0.007593447, 0.019322934, -0.030056393, -0.055698875, -0.031151362, -1.7515678e-08, 0.019735785, 0.021113528, -0.042613786, 0.013678536, -0.042904608, 0.016641952, -0.02272031, -0.017613724, -0.019324444, 0.01628869, 0.018739594, -0.032343492, -0.053730533, 0.004402682, 0.035269156, -0.039076716, 0.06298001, 0.110496484, -0.053477634, -0.011415262, -0.09991228, -0.010163584, 0.08637536, -0.06227481, -0.0503802, 0.030180316, 0.06796805, 0.0027423785, -0.011738102, 0.020883298, 0.024495982, 0.082013644, -0.0545958, -0.057994913, 0.013794536, 0.066065155, 0.0110218385, -0.0042841337, 0.06696223, -0.05033635, 0.020491118, 0.020356555, 0.0059034275, 0.051702496, 0.041095845, 0.10491084, 0.014346478, 0.011370946, 0.011831219, -0.02933095, -0.0324785, 0.018592851, 0.041542746, -0.0062678866, -0.04504828, 0.017566176, -0.008042511, -0.09576816, -0.026901746, -0.057777032, 0.073362954, -0.02732016, 0.05682639, -0.0025424315]}