{"timestamp": 1777792447.471055, "embedding": [-0.009206625, 0.028439466, 0.010233542, 0.025467984, -0.017510362, 0.011884391, 0.035576146, 0.09272739, -0.024767946, 0.0020409047, 0.0075542, -0.035634734, 0.0018253324, -0.005596159, -0.0016500099, 0.031320706, 0.017780334, -0.0843846, 0.0024674286, -0.08279082, -0.0580575, -0.032260723, 0.08331933, 0.0100692725, -0.028067159, -0.008548396, 0.000866022, 0.056252968, 0.006311217, -0.11515552, 0.07260038, 0.020142533, 0.020886866, 0.015987879, -0.016188523, 0.120337285, 0.0852097, -0.080408156, -0.07444066, -0.010831112, 0.04780691, -0.02193213, -0.013759581, -0.07215475, 0.07521595, -0.11733118, -0.037985064, -0.06843256, 0.050420776, 0.064778425, -0.072803654, -0.022509852, 0.071904585, -0.029729128, 0.05701934, -0.0027165215, -0.06961206, -0.008410281, 0.010623129, 0.013628211, -0.0003578905, 0.004208514, -0.05560246, 0.020711206, -0.0030865904, -0.04603422, -0.055249263, -0.053378202, -0.016883193, -0.003630167, -0.00042651297, -0.0799629, -0.09174574, 0.042282015, 0.00940901, -0.04993313, 0.06246856, -0.040570386, -0.032996446, -0.01992398, 0.025811346, -0.020771159, -0.051894262, 0.0010314494, -0.047778383, -0.06278725, 0.0012578815, 0.014479302, -0.049143583, 0.084900536, 0.07049156, -0.045846518, -0.0095604, -0.03874022, 0.054750156, 0.06409235, -0.053100992, 0.04958337, -0.07777771, 0.065067686, 0.017114667, 0.025685374, -0.053153805, -0.041020513, -0.033981834, -0.0034135839, 0.07492811, 0.0127209285, 0.026685787, 0.008297598, -0.07377815, -0.07117929, -0.047287498, 0.033790097, 0.06398547, 0.076732226, -0.035218015, 0.023280287, 0.06701199, 0.022500606, 0.07179878, 0.05241625, 0.076985955, 0.0331989, -0.07519959, -0.046365116, -0.14491521, -3.5854444e-33, 0.013985783, -0.029838212, 0.03380142, 0.05004049, -0.005387155, 0.04516816, -0.01324928, 0.046248496, 0.032914303, -0.08081891, -0.0031665785, 0.07192549, -0.008526218, 0.08503876, -0.016294697, -0.026239838, -0.12931673, -0.022805661, -0.02136792, 0.033200745, -0.0014627534, -0.02976132, -0.031226655, 0.018222105, -0.028992679, -0.071680054, 0.042328086, 0.007888946, 0.07556675, 0.023691574, -0.054890517, 0.023050874, -0.065827444, -0.03997645, -7.858309e-05, 0.07663686, 0.057053283, -0.03298181, 0.009517249, 0.074373886, -0.054623276, 0.0050156186, 0.0012378813, 0.014281449, -0.06032145, 0.06708468, 0.060924236, -0.0013045996, 0.07736018, -0.006404469, -0.04476686, -0.042856682, 0.019326672, -0.05503919, 0.036242444, 0.11055322, 0.0015103667, 0.0029853452, 0.06679523, -0.047424346, 0.0028470724, -0.0067663947, -0.021803943, -0.026678745, -0.008270672, 0.10559466, 0.02567215, -0.025717683, -0.003365713, -0.050246637, -0.03943655, -0.0016280415, -0.020607926, -0.09687512, -0.009416046, -0.0528044, -0.060431983, 0.02973259, -0.019637167, 0.093154766, -0.027916566, 0.022007614, 0.033358593, 0.03953134, 0.04301451, -0.013711398, 0.035098772, 0.03359873, 0.036079686, 0.009563359, 0.05289469, -0.10463215, -0.0019876598, -0.06491988, -0.07766649, 1.945738e-33, -0.05648698, -0.008928928, -0.06269286, 0.1279372, 0.049120598, -0.020898966, 0.036805727, 0.20788564, 0.030511152, 0.036762923, 0.0101343375, 0.019831548, 0.10046663, -0.076668054, 0.047519486, 0.01780924, 0.0072860075, 0.0175025, 0.06636052, -0.013603365, 0.02649947, -0.0005339402, 0.012130966, 0.048356656, 0.015074805, 0.06733409, -0.027321108, -0.022076206, -0.107786335, -0.09989632, -0.0140001, -0.026057364, -0.057709266, 0.043487467, -0.057688277, 0.056732144, 0.011002613, -0.028989812, -0.06586025, -0.0233504, 0.092259265, -0.053437445, -0.057589963, 0.044184472, 0.03309092, 0.030702546, -0.011043676, -0.02128102, -0.022670211, -0.02184824, -0.048227202, 0.085508555, -0.014985952, -0.008865813, 0.01782567, -0.06701569, -0.00027534465, 0.02907384, 0.0126771135, 0.026119955, 0.113120735, -0.030909637, -0.0596757, 0.03343414, -0.0073554446, -0.0024462612, -0.01424363, -0.0144930985, -0.11967094, -0.01345482, 0.032573584, -0.055417575, -0.039624736, -0.05981181, -0.083998494, 0.06976575, -0.017198492, -0.119274296, -0.027758526, -0.042257383, -0.11772201, -0.05484542, -0.035228502, -0.04618065, 0.0019427895, 0.12277906, -0.011127011, -0.0132122, 0.02092439, 0.07600089, 0.055409767, -0.016629906, -0.027920669, 0.019590903, 0.0190821, -1.8547219e-08, 0.010206015, 0.0110456515, 0.0654891, 0.007279877, 0.049213093, 0.02654545, 0.004433666, -0.0040957015, -0.021993494, 0.09229018, -0.008557786, -0.048862454, -0.025384985, 0.044222195, 0.110179506, -0.010015831, 0.109534964, 0.13338222, -0.0067002666, 0.090256155, 0.042343527, 0.04303488, -0.008038652, -0.08036926, -0.015704645, 0.026003193, -0.004506071, 0.02489884, -0.031244054, -0.016656596, -0.048366588, 0.02994165, -0.033393025, -0.06574697, -0.02547741, -0.055775505, -0.013482982, -0.053963363, -0.022088379, -0.020290388, -0.025129423, -0.021354122, 0.094393864, -0.012364036, 0.01911183, -0.0012550445, -0.011819196, -0.060478818, 0.047413643, 0.012400564, 0.040943887, 0.017190862, 0.04382594, -0.028576987, 0.061772663, -0.026308132, 0.045834605, -0.05950689, -0.014119264, 0.026637947, 0.046627052, -0.049190465, 0.005631361, 0.08173321]}