{"timestamp": 1777745770.4195762, "embedding": [-0.04667224362492561, 0.03611001744866371, -0.004397451877593994, 0.0022804562468081713, -0.034200869500637054, 0.02126886695623398, 0.0517769493162632, 0.015115133486688137, -0.02853204682469368, 0.04524741694331169, -0.0552506297826767, 0.0031730986665934324, 0.00215760781429708, -0.03437658026814461, -0.04755866527557373, 0.04836524277925491, -0.04150523245334625, 0.024769773706793785, -0.003018696792423725, -0.13860125839710236, 0.0173990149050951, 0.03595943748950958, 0.06290098279714584, -0.08681043982505798, -0.012951638549566269, 0.009222294203937054, 0.022406727075576782, -0.04976099357008934, 0.08889172226190567, -0.024503512308001518, 0.019156455993652344, 0.059942007064819336, 0.06418531388044357, 0.0309043750166893, -0.11078227311372757, 0.10291675478219986, -0.009654576890170574, 0.07294449210166931, 0.07909420132637024, -0.0622992217540741, -0.013279366306960583, -0.0450892448425293, 0.009812365286052227, -0.030220143496990204, 0.15355516970157623, -0.0026883839163929224, -0.08453617244958878, 0.019967546686530113, -0.0119366105645895, 0.065244160592556, -0.15643222630023956, -0.0380973182618618, -0.004629106726497412, -0.004902450367808342, 0.050669439136981964, 0.01827886886894703, 0.04147631302475929, 0.015239040367305279, 0.019857484847307205, -0.06650879979133606, 0.03267039358615875, -0.030855916440486908, -0.07732425630092621, -0.011015079915523529, 0.08595369756221771, 0.0170111246407032, 0.013107620179653168, -0.03606753796339035, -0.06315575540065765, -0.06377138942480087, 0.04138839244842529, 0.0179446991533041, -0.01890488527715206, 0.07165468484163284, 0.0035743783228099346, 0.006450245622545481, -0.011406715027987957, -0.04763859137892723, 0.026359934359788895, -0.04924590140581131, -0.02343122288584709, -0.010242398828268051, -0.011676006950438023, 0.061206623911857605, -0.06689322739839554, 0.035260893404483795, 0.02389492839574814, -0.00183429557364434, 0.043545618653297424, 0.05441812425851822, 0.06593684107065201, -0.06864851713180542, 0.031297389417886734, 0.0008317880565300584, 0.03185549005866051, 0.07998566329479218, -0.026390140876173973, -0.06753910332918167, -0.05206189304590225, -0.010919549502432346, 0.014867221936583519, 0.012664500623941422, 0.010781589895486832, 0.05248994380235672, -0.009758957661688328, -0.03465334698557854, 0.08785359561443329, -0.07376512885093689, -0.021266616880893707, 0.012470702640712261, -0.023266145959496498, 0.003252921160310507, -0.02895292080938816, 0.021276207640767097, 0.058584343641996384, 0.0035525807179510593, -0.039701737463474274, 0.0657227486371994, 0.02348196692764759, -0.0041862716898322105, -0.007030588574707508, 0.012522203847765923, -0.02618963085114956, 0.08145342767238617, 0.01039306540042162, -0.005946873687207699, -0.05284645035862923, -4.298933818512789e-33, -0.04345440864562988, 0.05016786977648735, 0.003364612814038992, 0.10696399211883545, 0.018463732674717903, -0.04263509809970856, 0.038952380418777466, -0.031091438606381416, 0.0017264921916648746, -0.08046799898147583, -0.09519496560096741, 1.4024430129211396e-05, -0.03080112300813198, 0.09416045248508453, 0.0009098172304220498, 0.009739775210618973, -0.06408720463514328, -0.020539209246635437, -0.00940770749002695, 0.017193270847201347, 0.0650801807641983, 0.016578754410147667, 0.03357506915926933, -0.05145492032170296, 0.0159028060734272, 0.06277619302272797, 0.02805258519947529, -0.07967153191566467, 0.02526661939918995, 0.025402361527085304, -0.06529118120670319, 0.022622745484113693, -0.08464311063289642, 0.00662029767408967, -0.01957371085882187, 0.05753805860877037, -0.028630468994379044, -0.055653877556324005, 0.026472818106412888, 0.09861062467098236, -0.0384717732667923, 0.03477580100297928, 0.012742731720209122, -0.025961102917790413, -0.0023201757576316595, 0.024007389321923256, 0.0571320578455925, -0.0283342357724905, -0.01248603593558073, 0.0927879586815834, -0.07700463384389877, 0.0763065293431282, -0.043279025703668594, -0.13589367270469666, 0.13521777093410492, 0.027411973103880882, -0.012421146035194397, 0.07091909646987915, -0.013273697346448898, 0.019701579585671425, 0.04362911358475685, 0.07283304631710052, -0.030912773683667183, 0.1012837141752243, 0.01581052877008915, -0.010291533544659615, -0.03711499273777008, 0.01762801595032215, 0.10406377911567688, 0.002404726343229413, 0.015042612329125404, -0.06772761046886444, -0.033530667424201965, -0.01693897694349289, -0.16865655779838562, -0.009086434729397297, -0.0018339394591748714, -0.07703303545713425, -0.015820913016796112, 0.026093488559126854, -0.07219336926937103, 0.04410962015390396, -0.07554607093334198, -0.05155617743730545, -0.04943488910794258, -0.051737554371356964, 0.008663582615554333, -0.03334745019674301, 0.007520115002989769, 0.01779021881520748, 0.010083980858325958, -0.03760641813278198, 0.0038877723272889853, -0.017822200432419777, -0.13049273192882538, 1.8529536020492574e-33, -0.11513159424066544, -0.07689521461725235, -0.05830713361501694, 0.07001665979623795, -0.02061251550912857, -0.04123178496956825, -0.035549864172935486, 0.00014329879195429385, 0.03329065442085266, -0.007249811198562384, -0.01272773090749979, -0.0018135070567950606, 0.01632205955684185, -0.016668688505887985, 0.022256653755903244, -0.06908749788999557, -0.06189124286174774, 0.008043328300118446, -0.01183522678911686, 0.028629831969738007, 0.0731382742524147, 0.1070372685790062, -0.02892264351248741, -0.02102203667163849, 0.06079156696796417, -0.0010419313330203295, -0.013614252209663391, 0.05038665980100632, -0.11018270999193192, -0.021739497780799866, 0.04333915933966637, -0.0019448165548965335, -0.04680784419178963, 0.041365694254636765, 0.01372856367379427, 0.05815170332789421, 0.08834224939346313, -0.0054482934065163136, -0.0006685360567644238, 0.0321548767387867, 0.05898908153176308, 0.03792829439043999, -0.010908802971243858, 0.006922314874827862, -0.039691440761089325, 0.048643648624420166, -0.05452362820506096, 0.02438957616686821, 0.027506843209266663, -0.02095026895403862, 0.09133543819189072, -0.0031004759948700666, -0.03518866375088692, -0.08944655954837799, -0.042282834649086, -0.028175730258226395, 0.11279398202896118, -0.046943482011556625, 0.030117101967334747, 0.05067655071616173, -0.04101596400141716, -0.02496909350156784, -0.0023266153875738382, 0.05649712309241295, -0.02662179432809353, -0.018747566267848015, -0.028891023248434067, 0.1025659367442131, -0.026659546419978142, -0.028466176241636276, 0.0369466096162796, -0.05472351983189583, 0.023694034665822983, -0.034102484583854675, -0.06277916580438614, 0.04454369470477104, -0.05430486053228378, -0.012226874008774757, 0.017908850684762, -0.13588084280490875, -0.04969411343336105, -0.030872002243995667, -0.033573806285858154, 0.06132553145289421, -0.04368195682764053, 0.06350647658109665, -0.0201464481651783, -0.03002462349832058, 0.004379283171147108, 0.03232700750231743, -0.012926386669278145, 0.02288901060819626, -0.016062850132584572, -0.00042526746983639896, -0.09535497426986694, -1.560245266318816e-08, -0.0010618785163387656, -0.025593893602490425, 0.08319050073623657, -0.02944837138056755, 0.05566028133034706, 0.03183484449982643, -0.06464225798845291, -0.013283911161124706, -0.0020309332758188248, 0.08825729042291641, 0.02711959183216095, -0.005297791212797165, 0.015388422645628452, 0.025863900780677795, 0.13419729471206665, -0.03596976771950722, 0.01300130970776081, 0.044285908341407776, -0.05596520006656647, -0.023102691397070885, 0.16341006755828857, 0.01992003805935383, -0.058333076536655426, -0.015522979199886322, 0.029275773093104362, -0.026295945048332214, -0.04450288042426109, -0.05859560891985893, -0.05952538549900055, 0.12098830938339233, -0.020247526466846466, 0.04136501997709274, 0.03533996269106865, -0.033560965210199356, 0.07511695474386215, 0.04587286710739136, 0.04162368178367615, -0.034081537276506424, -0.062333688139915466, 0.01425560750067234, 0.018188608810305595, 0.053740281611680984, 