{"timestamp": 1777749169.6931698, "embedding": [-0.05601084, 0.08018999, -0.017876828, -0.0114654135, 0.05499484, -0.07795923, -0.025932174, 0.10623826, 0.012651238, -0.0025200634, 0.011505317, 0.013087774, 0.0426069, -0.06376349, -0.030045781, -0.04677216, -0.020896286, -0.01425661, -0.06882065, 0.029866636, -0.013373791, -0.110844135, -0.05590127, -0.003418796, -0.064630605, 0.05424494, 0.025962276, 0.08403545, 0.02965411, -0.09119003, 0.043414023, -0.013837425, -0.04092208, 0.002345581, -0.03131059, 0.055652186, 0.01473861, -0.0023183974, -0.12697458, 0.0012213474, -0.02998316, -0.041848585, 0.011014955, 0.007981196, -0.02733525, -0.028128097, -0.076899394, 0.014336091, -0.028438825, -0.035069525, -0.06574133, 0.0016826484, -0.021563347, 0.0301113, 0.018832538, 0.055187862, -0.014707925, 0.0020440381, -0.015464748, -0.08270325, 0.12647504, 0.011045924, 0.010740916, -0.0064765136, 0.09396143, -0.060855042, 0.009200034, -0.004670395, -0.031139795, -0.0011645979, 0.057454944, -0.054705016, -0.1474066, -0.037699807, 0.06336748, 0.03170818, -0.023365427, 0.017231252, -0.014038117, 0.026111662, -0.05016913, 0.03976679, -0.038523637, -0.01601225, -0.033395033, -0.042090368, -0.012038428, -0.07252339, -0.0037064918, -0.009626801, 0.10241545, 0.09633069, -0.12591106, -0.0384593, 0.100475885, 0.0002813543, 0.014422328, 0.04984202, -0.0052169156, 0.01745127, 0.04096606, -0.033933148, -0.017258551, 0.061984252, 0.009289851, -0.033183977, 0.014388265, 0.041782442, -0.02764286, 0.010330547, 0.03981073, -0.03995039, -0.030330328, -0.010208682, -0.017269364, -0.0005339798, -0.036091633, 0.024017476, -0.019837335, 0.0045797625, 0.0249262, 0.050787967, -0.031460095, 0.012466167, -0.06985365, -0.047635794, -0.116550505, -3.1417192e-34, 0.010123068, 0.037728682, 0.021908106, -0.021775473, 0.02544519, -0.056985237, -0.028909791, 0.056949396, 0.02055954, 0.031271562, -0.052526962, 0.01836272, 0.027161978, 0.024361964, 0.053884562, -0.17703797, -0.024009928, 0.05835484, -0.06908773, 0.02397267, 0.0021023478, -0.024044529, 0.07828225, -0.0710878, 0.025929553, 0.059798066, 0.07146787, -0.061105106, -0.10491386, 0.05082521, 0.022328846, -0.032137934, 0.025100557, 0.013144618, 0.010342099, 0.028158043, -0.0488134, -0.07622265, -0.003078176, -0.07758518, -0.0056235143, -0.06905853, 0.099667504, 0.07227454, -0.109626025, 0.044002745, 0.05251372, 0.007833072, -0.015507073, -0.03771642, 0.026287086, 0.058309995, 0.014678606, 0.03088011, 0.033914763, 0.045605395, 0.044040676, -0.09416213, -0.06461737, 0.044546112, -0.009346473, 0.026635349, 0.017661612, 0.010137307, -0.029546814, 0.044630833, -0.025018185, 0.045422047, 0.09819103, 0.021866724, -0.10062278, 0.065573305, -0.024540814, 0.019742047, -0.042621825, 0.0068647796, -0.066566, -0.009802783, -0.029340409, -0.03431034, -0.123984806, 0.03960004, 0.028970677, -0.113367364, -0.08690737, -0.020447949, 0.05091913, 0.026483221, -0.03861175, 0.01979961, 0.008524188, -0.018511638, 0.05632357, -0.013725499, 0.027059427, -1.7533259e-33, 0.029745609, -0.06722315, -0.029054128, -0.028535863, 0.04584589, 0.03660255, -0.020578269, 0.016916724, -0.016901935, 0.030975524, 0.010743633, 0.04850906, 0.098868065, 0.01848958, -0.004869062, 0.035400834, -0.01941019, -0.1509802, 0.010881847, -0.009485713, 0.017986488, 0.031416852, -0.032844633, -0.022630965, -0.044042043, 0.024481596, -0.053678617, -0.16208042, 0.020583954, 0.110390805, -0.04754548, -0.04451338, -0.04192046, 0.03837218, -0.048024762, 0.03756562, 0.0085068615, 0.037129283, 0.01764249, -0.050009426, 0.013890094, 6.5063236e-05, 0.012257296, 0.004123217, -0.04875837, 0.040806018, 0.045986492, 0.080004364, -0.040646147, -0.002202958, 0.04376566, 0.0113338865, 0.10089368, 0.101660885, -0.03412244, 0.0026825347, -0.047727652, 0.053456817, -0.062374108, 0.009341978, 0.019291019, -0.006736107, 0.022781804, -0.06378975, -0.019075854, -0.011650217, -0.037582833, -0.10695795, 0.046254534, -0.066869356, 0.030004328, 0.036806334, -0.0021448696, 0.0050846175, 0.062458657, -0.026759908, 0.031883378, -0.022266073, -0.019187847, 0.041534197, -0.032854944, 0.053067274, -0.022433244, 0.022926735, 0.037105665, -0.15986304, 0.028769491, 0.053607527, -0.02426294, -0.007824809, 0.006006866, 0.02791808, -0.0057197902, 0.08674181, 0.00092663424, -1.5991718e-08, -0.0019841243, 0.027027702, -0.027691802, 0.012573418, -0.0055260425, -0.058058336, 0.019267729, -0.06428346, 0.021393882, -0.0057977936, -0.024023851, -0.005740401, 0.007492511, -0.047197215, 0.008089623, 0.05728535, 0.0028938383, 0.11907756, -0.009865183, 0.0018121977, 0.017535146, -0.03799388, -0.033172633, -0.0010432184, -0.004385019, 0.05790274, 0.0074479342, -0.10149771, 0.032466043, 0.10060256, -0.010988641, 0.013323988, 0.044703644, 0.024776014, 0.025639625, 0.12501414, -0.102520555, 0.020372378, 0.09723325, -0.020677363, 0.021045994, 0.0047778958, -0.047603734, 0.0048859403, -0.02387621, 0.048122007, -0.08544218, 0.012877064, -0.07142457, 0.16802296, -0.026333593, -0.00482739, 0.11137906, 0.008832279, 0.04717102, 0.0154206585, 0.034796383, -0.053499497, 0.01756343, 0.037868712, 0.04824667, 0.05571162, 0.082741044, 0.007947685]}