{"timestamp": 1777793383.331454, "embedding": [0.017892197, 0.046499804, -0.066387825, 0.013138082, -0.057807077, 0.0072790547, 0.097398, 0.03601758, -0.099643454, 0.01701893, -0.10194098, 0.02382533, 0.0046197115, -0.013601693, -0.06334214, 0.08809615, -0.07354776, 0.057010815, 0.05064724, -0.15196854, -0.011911515, 0.020554895, 0.025672395, -0.047761485, 0.056643445, 0.00042081423, 0.009039023, -0.073712334, 0.031367835, -0.00784401, -0.048219617, 0.06261171, 0.0993528, 0.069466904, -0.010957854, 0.07069205, 0.005594651, 0.086183496, 0.033964224, -0.017795255, -0.10752856, -0.0006890242, -0.013604146, -0.048597906, 0.029059049, -0.051903974, -0.044343933, -0.004272112, -0.04563785, 0.04963859, -0.1511106, -0.039599925, -0.052539326, -0.10454574, 0.024482986, -0.013261402, 0.0570406, 0.012168552, -0.029373197, -0.056239024, -0.054421503, -0.012830274, -0.11009318, 0.049743008, 0.01943451, 0.043582242, -0.031164004, 0.039226152, -0.062094036, 0.0049172216, -0.025714597, -0.013388224, -0.07333139, 0.017688097, 0.07780043, -0.075668305, 0.0035557416, -0.014603591, -0.02544734, -0.090089865, -0.0067204162, 0.003949512, -0.04014883, 0.066994704, -0.008366975, 0.07755195, 0.04515043, 0.05430228, 0.054470353, 0.032272015, 0.027401686, -0.05178662, 0.037321202, -0.023682067, -0.014821023, 0.057093468, 0.020889316, -0.09618287, -0.061379615, 0.038543284, -0.059703104, -0.020293908, 0.03425542, -0.0329682, -0.012556355, 0.003958244, 0.09326288, -0.028243558, -0.015170126, -0.0270112, -0.008669904, 0.044733, -0.09777938, -0.008174531, 0.09751689, 0.030993532, -0.04372932, 0.03403148, 0.04187368, 0.020466413, 0.023213223, 0.06534886, -0.0075304513, 0.02781679, -0.033423305, -0.027870597, -0.04757981, -4.934891e-33, 0.019834127, 0.07320821, -0.00063749444, 0.07070062, 0.028163465, -0.016333066, 0.08057631, 0.009373508, -0.049879562, -0.06812362, 0.012407875, 0.021412315, 0.01976188, 0.111610495, 0.0074529275, 0.05686906, -0.019751778, 0.04354103, -0.056887478, -0.011489315, 0.055758487, 0.017632036, 0.036318958, 0.03759463, 0.0045676595, 0.003646203, 0.0007693191, -0.036032554, 0.031829026, 0.028934859, -0.026429046, -0.03566903, -0.06973148, -0.0012850524, 0.056200884, 0.08853151, -0.020083545, -0.029750425, 0.113274336, 0.061185643, -0.0013212473, -0.018134203, 0.04941845, -0.008620064, -0.012610584, 0.028598538, 0.040980425, -0.00042875763, 0.051994495, 0.124818765, -0.04785944, 0.038146306, 0.025846817, -0.04648574, 0.051661555, 0.03222481, 0.014626133, 0.036763787, 0.005827396, 0.04808542, 0.0016159951, 0.09013437, -0.012873689, 0.0053664334, -0.031384647, -0.022319457, -0.05105014, -0.014263759, 0.13689223, 0.004280965, -0.07535039, 0.0056376313, 0.042384803, 0.004640599, -0.14892185, 0.0062267734, -0.014374869, -0.10682219, 0.012908725, 0.054150164, 0.015432501, 0.005128043, -0.031262077, -0.054838244, -0.06984705, -0.057775084, -0.0018870115, -0.05612397, -0.013847395, 0.06484961, 0.02425826, -0.044341903, 0.02462565, -0.0044860826, -0.06476399, 2.4227513e-33, -0.05032777, -0.02054655, -0.004675748, 0.00911088, -0.009732587, -0.0022027974, 0.02002576, -0.07406901, 0.032075644, -0.0033779836, 0.029002, -0.048005555, -0.017390143, -0.026137074, 0.0320986, 0.0014903479, -0.11596331, 0.010053695, -0.01608363, -0.008344679, 0.021925803, 0.08983983, -0.05767148, -0.005839493, 0.08875039, -0.019472657, 0.007898835, -0.018800013, -0.042508624, 0.008623885, 0.028893048, 0.0023932569, -0.065178975, 0.012026053, -0.009555195, 0.013229896, 0.0047282763, 0.012219396, -0.007793607, 0.083687626, 0.08540108, -0.00905022, 0.03757445, -0.004357321, 0.0016995036, 0.009738256, -0.083002545, -0.01636749, 0.01327355, 0.005725147, 0.042111546, -0.045356642, -0.004675258, -0.053307705, 0.026502509, 0.0018605546, 0.1360823, -0.076538876, 0.076130144, 0.014006496, -0.074802965, -0.021743855, 0.112039015, 0.06710739, 0.037585568, -0.08569091, -0.070662946, 0.059162416, -0.09113868, -0.03779541, 0.059846077, -0.02834491, -0.010509296, -0.072656974, -0.1094484, 0.02795278, -0.07402622, -0.013144709, -0.061184466, -0.07456266, 0.0037522335, -0.007685718, 0.0007927516, 0.0843159, -0.04738821, 0.07640693, 0.01600833, 0.011077465, 0.031281624, 0.0054231696, -0.027308678, 0.044521384, 0.047793627, -0.023007445, -0.041277852, -1.5329425e-08, -0.09097956, -0.08931259, -0.040172264, -0.017338516, 0.019934341, 0.11333049, -0.0486849, -0.034200788, -0.04835069, 0.06559511, 0.050804857, -0.037616182, -0.0031856846, 0.009330079, 0.10680723, -0.023998654, 0.05912825, 0.07553917, -0.046503406, -0.0040212786, 0.14009997, 0.025071269, -0.062004715, 0.030351521, -0.036716647, 0.014086063, -0.021411868, 0.015805082, 0.019918166, 0.10325718, 0.010096905, 0.029175421, 0.039842628, -0.06550359, 0.08151621, 0.03411036, 0.01764005, -0.036610767, -0.060167585, 0.071100034, -0.04061821, 0.06266446, -0.0026110683, 0.03342747, 0.07418693, -0.06195651, -0.002319809, -0.006368671, 0.008493558, -0.024603318, -0.010519936, -0.028568562, -0.025462193, -0.04939684, 0.011456319, 0.06964765, -0.035847858, -0.015452024, -0.022152226, -0.045486726, -0.03523233, 0.100244656, 0.03713489, 0.02897776]}