{"timestamp": 1777793744.808908, "embedding": [-0.06940683, 0.072029725, 0.0128632905, 0.049742337, -0.025642626, 0.013299468, 0.08538923, 0.04400253, -0.021342212, 0.033353128, 0.003406383, -0.07454358, -0.041967005, -0.03784641, -0.015629595, 0.054138962, -0.012138537, 0.06217383, -0.023871154, 0.022442134, 0.0070128483, 0.0056846873, -0.06044526, 0.0060029356, -0.030665662, -0.04001028, 0.0016562042, -0.015779437, 0.007847225, -0.0044693076, 0.020135278, -0.012800866, 0.019509934, 0.02973492, -0.097763196, -0.009981803, -0.04504121, 0.041720442, 0.060051486, -0.086220406, 0.04458585, 0.012789676, 0.024666376, -0.036387235, -0.035754863, -0.07034493, -0.054028764, -0.021608569, -0.011433083, -0.005981124, -0.083074346, -0.019990327, -0.027632475, -0.04417641, 0.039357625, -0.0858695, -0.026814127, -0.03508336, -0.0071531017, 0.008667979, 0.08851186, 0.009820826, -0.039173733, 0.025217997, -0.020969419, -0.08750826, -0.014826455, -0.05030995, 0.022972042, 0.0797838, 0.061034538, -0.034977026, 0.05926741, -0.10600253, -0.02971497, -0.027962381, 0.022520585, 0.08841, -0.0741795, -0.072113, 0.046174377, -0.007541038, 0.040628094, -0.020840943, -0.02843069, -0.022345304, 0.053835377, -0.06957544, -0.08459968, -0.026876764, 0.10376249, -0.02020467, -0.028496342, 0.019865537, -0.01366444, -0.020900914, -0.0023474258, -0.030469552, -0.06950677, 0.12548073, 0.0014617235, 0.061268173, -4.974722e-05, 0.012286057, -0.06447569, -0.039651927, -0.089683674, -0.013716939, -0.01875141, -0.0406859, -0.05762391, -0.04225737, -0.04832989, 0.013135848, -0.020085843, 0.030450305, -0.066834286, 0.058799308, -0.013781848, 0.06991396, -0.025749119, 0.037277542, -0.007651984, 0.047577154, -0.022059184, -0.1073839, 0.0074985595, 8.745965e-34, 0.02526094, -0.035075344, 0.074754395, -0.04317854, -0.0102624735, -0.012562838, -0.062363334, -0.057181027, 0.025330408, -0.03449294, 0.0488574, -0.02835076, 0.06354396, -0.020906597, 0.010546229, 0.044904042, -0.12220294, -0.017249875, 0.081994504, -0.02093806, -0.027709436, 0.009145922, -0.053719006, -0.050080176, -0.05909531, 0.100764744, 0.1207748, -0.0014047074, -0.050022602, 0.06307603, 0.0038093517, 0.07521488, -0.09441496, 0.06616864, -0.030995991, 0.08697996, -0.0072797164, -0.1074032, -0.0021682365, -0.0006215382, 0.028130254, 0.051413223, 0.027621277, -0.013295716, -0.08270664, 0.014470539, 0.017091058, 0.09460936, 0.13978863, 0.10290643, -0.024996107, 0.019476846, 0.06155336, -0.029507738, 0.0017177421, -0.0008127518, -0.06598562, 0.04733113, 0.055356175, 0.033275433, 0.011245535, -0.1353743, -0.07351053, -0.01060969, -0.088118955, 0.019494608, -0.036624037, -0.105337754, -0.0036109376, -0.044987496, -0.06278789, 0.0022574088, 0.030421853, 0.062613614, -0.103617996, 0.016364988, 0.08451601, 0.021897329, -0.08750083, 0.112933606, -0.060771592, 0.061939437, 0.03600381, -0.06172978, 0.030926105, 0.034150112, -0.03947732, 0.016587874, 0.05542876, 0.11410389, 0.008050614, 0.007086651, -0.07531492, 0.048166763, -0.005977876, -4.4639655e-33, 0.0039546774, 0.0021988605, -0.00011671268, 0.011000691, 0.047468968, 0.014759892, -0.081237994, 0.11139639, -0.009332953, 0.02699742, 0.010468583, 0.050165072, 0.07246768, 0.012783503, 0.008437839, -0.024384974, 0.00997657, 0.0001967984, -0.02991434, 0.011907406, 0.020233365, 0.042864, -0.1165238, -0.096405, -0.009706095, 0.019884527, -0.08875505, 0.022338701, -0.1067283, -0.01703767, 0.05013686, -0.053545963, -0.157403, 0.016058393, -0.0034038494, -0.012349987, -0.01661034, 0.00062285643, 0.013006609, 0.15389583, -0.017252218, 0.09685351, 0.08413335, 0.010895849, 0.071582526, -0.038966525, 0.014872606, 0.056431677, 0.019821187, -0.042017095, 0.027169056, 0.005532506, 0.04142026, -0.061637145, 0.006473683, 0.04765647, 0.033077728, 0.025650289, -0.03165232, -0.0029374503, 0.017586438, 0.021388175, 0.03442965, 0.015538516, -0.076934606, 0.03851896, 0.03989186, -0.017247744, 0.022399927, -0.0038186365, -0.02943375, -0.10453519, -0.10046876, 0.03766295, 0.029130626, 0.0806795, -0.0073970594, 0.016188243, -0.04188378, -0.05112389, 0.08819273, 0.005840852, 0.025852717, -0.0434682, 0.059830397, 0.035295043, 0.012165529, -0.05015043, 0.05424608, -0.038916808, -0.029711671, 0.032508746, 0.005845976, 0.004201031, 0.06334337, -1.9570319e-08, 0.032589477, -0.053016398, -0.041999888, -0.015938995, -0.04327734, 0.030092254, -0.024766639, -0.013302676, -0.033043608, 0.067236744, 0.027635304, 0.019152137, -0.043119404, 0.027579367, 0.014909228, -0.02768435, 0.045966927, -0.032257136, -0.02785616, -0.021008102, -0.044491015, -0.038097464, 0.1249521, -0.05154258, 0.002235918, 0.04841757, 0.061664123, 0.009672984, -0.06000022, 0.02891088, -0.008726709, 0.12225976, -0.06884391, -0.080011174, -0.053862732, 0.056104083, 0.024087615, -0.036211245, 0.035776194, -0.002129667, 0.0043965066, -0.023785168, 0.025355201, 0.04515781, 0.035283852, 0.016994623, 0.045605015, -0.011948426, -0.0336329, -0.047479857, -0.07711709, 0.027909087, -0.014019348, -0.025730617, -0.04641855, 0.0216845, -0.052313734, 0.040018406, -0.048525885, -0.03542898, 0.05849341, -0.005766882, -0.03193238, 0.04020006]}