{"timestamp": 1777747598.593879, "embedding": [0.060910374, 0.00081181823, -0.080041975, -0.0181552, -0.10102362, 0.005381064, -0.019080529, 0.075799875, 0.0320208, 0.038143784, -0.013165033, 0.039524704, 0.088426225, -0.02798995, 0.015427809, -0.03459, -0.022240376, -0.050723623, -0.0554153, 0.00020630549, 0.031821832, -0.091653615, -0.027787615, 0.0061595216, -0.055157017, 0.04202176, -0.0029992296, 0.014981654, 0.011808165, -0.028939167, 0.053505935, 0.028901873, 0.11295762, 0.066131234, -0.059832793, 0.039240807, 0.07273356, 0.0010581736, -0.016836854, 0.014894515, -0.009385053, -0.04019768, -0.062403183, 0.022168102, 0.030852046, -0.023047833, -0.024472512, 0.020906888, -0.07086897, 0.016779097, -0.11441134, 0.028071804, -0.06769077, -0.015176233, -0.024802996, 0.039483517, -0.014903935, -0.06195708, 0.027958909, -0.011337425, 0.0623176, -0.032200035, 0.009022476, 0.02110167, 0.034766663, -0.019754795, 0.017424157, -0.027962107, -0.012792595, -0.07768692, 0.019991193, -0.06879538, -0.10428415, -0.0126975095, -0.06290415, -0.038036443, 0.008628153, -0.030656373, 0.029342653, 0.0062922137, -0.0136856865, 0.052730303, -0.02465366, 0.07113129, -0.0013211659, -0.07953804, 0.043005172, -0.06664736, -0.019243231, -0.018675826, 0.02099633, 0.013024761, -0.01717765, -0.057156883, 0.061046075, 0.076447845, 0.0043712026, -0.035680346, 0.05886054, -0.04736651, 0.04470988, 0.033394955, 0.0881974, -0.0567978, -0.019873712, -0.07183504, -0.016086336, 0.06278251, -0.06907237, -0.00031183494, -0.08527784, 0.046417277, -0.0055473717, -0.028345143, 0.07590067, 0.059861615, -0.04530241, -0.018054055, 0.05234297, -0.0032986861, -0.00039784404, 0.006713069, -0.0040945127, -0.04103119, -0.117778644, 0.043701075, -0.07460231, -4.2654554e-33, -0.098503806, 0.021492573, -0.0466978, -0.0067398255, -0.020890791, -0.037176874, 0.007981878, -0.027916476, -0.0647402, 0.007021829, 0.0084173465, 0.08664827, -0.075370714, 0.0339516, 0.120461635, 0.01665549, -0.083091944, 0.11429815, 0.056646194, -0.06318256, 0.05732311, -0.05358775, 0.04643645, 0.042807367, 0.05176829, 0.01626842, -0.042633627, 0.0018941453, 0.017348684, -0.030832822, 0.049516503, -0.00922404, -0.0030539525, -0.044320405, 0.08385783, 0.06609517, 0.018659338, -0.03420811, 0.06149081, -0.11816665, -0.033794392, 0.016080145, -0.0028854546, 0.017570978, -0.044257343, 0.12992452, 0.007954325, -0.029459609, -0.023139, 0.061888214, 0.0001395379, 0.010443567, 0.00021403134, 0.076336585, 0.011034345, 0.023417193, 0.027198251, -0.13374813, 0.0012334898, 0.08687837, -0.07175187, -0.01688444, 0.002732074, 0.06168136, -0.017512033, -0.03832444, 0.026508246, 0.0025357269, 0.08178026, 0.009664075, 0.020446427, -0.01937697, 0.052495584, -0.041972052, -0.06599841, -0.04549616, -0.098306455, 0.032093503, -0.003015513, -0.052273054, -0.05391176, 0.030759651, 0.011428398, 0.0886829, -0.024438497, -0.008394823, 0.034527797, -0.0051094214, -0.053619407, -0.027160624, -0.0312738, 0.111452825, -0.016540248, -0.05514878, 0.013392149, 1.6460414e-33, 0.024207573, -0.076936476, -0.048985936, 0.10609207, -0.0072943303, -0.015901541, -0.073707424, -0.049402203, 0.059171397, -0.052785195, -0.10673808, -0.038970005, 0.079045154, 0.009815485, -0.06485872, 0.0032156266, 0.03486914, -0.053549334, 0.04907754, -0.027219597, -0.0019672443, -0.0031869623, -0.13140582, 0.085861355, -0.004794261, -0.0004130342, -0.052582733, -0.09573692, 0.015006006, -0.016580995, -0.024490645, -0.0514212, 0.10056301, 0.011329857, -0.04812817, -0.025334144, 0.057371777, -0.016554488, 0.03745275, 0.054498892, 0.03268201, 0.0030106413, -0.0050705737, -0.021597546, 0.013742973, 0.040225588, 0.037941776, 0.051078524, 0.030694725, -0.09218867, 0.049467884, -0.004323771, 0.056932684, -0.1201863, -0.07890993, 0.050027937, -0.01860599, 0.02206662, 0.047240283, 0.022356007, 0.028744143, -0.00081363815, 0.092994936, 0.057852436, -0.05521135, -0.06519309, 0.022677789, -0.08193193, -0.09207334, -0.037580803, 0.011575435, -0.059161406, 0.074850716, -0.0033581895, -0.06087675, -0.066703245, -0.058516666, -0.015629381, -0.0016817994, 0.015397825, -0.020539347, 0.07271619, 0.021291798, 0.03091422, -0.049297832, 0.032794826, 0.03983583, 0.028133992, -0.07080063, -0.08342547, -0.04598851, -5.5250875e-05, -0.15910435, 0.037802346, -0.00222614, -2.2652603e-08, -0.028013134, -0.025502395, 0.03503523, 0.024660734, 0.00263257, 0.009614479, 0.08173194, 0.07912944, 0.060039066, 0.020338181, 0.038173795, -0.017090619, -0.12300188, 0.06096802, 0.05238872, 0.026839787, -0.005531575, 0.017808694, 0.010750257, 0.07624867, 0.0062109884, 0.067472965, 0.031942975, -0.032884758, 0.078741774, 0.0066825766, 0.02583742, 0.04635474, 0.0171282, 0.013458822, 0.09137702, 0.028385133, 0.103323326, 0.02646383, 0.0060054692, -0.0271145, -0.009350256, 0.03697486, -0.011342302, 0.012595308, -0.01863058, 0.0670863, -0.009430131, 0.01112804, -0.020716097, 0.08088132, -0.061146207, 0.14689198, 0.01872681, 0.07009853, -0.07010265, -0.028779587, 0.005294425, -0.011171773, 0.009671801, 0.04141313, -0.001100334, 0.010693559, 0.0868909, -0.027056793, 0.021759052, -0.027841201, -0.051342327, 0.058714785]}