{"timestamp": 1777746573.904725, "embedding": [0.0018436766, 0.058455594, 0.0069050794, -0.051021308, -0.007862757, 0.0051632957, -0.023846103, 0.1170579, -0.102153696, -0.0014659375, -0.048142277, -0.010260882, -0.02332903, -0.027342224, 0.05086284, 0.014026874, 0.09076544, -0.087400176, -0.05027996, -0.039265793, 0.104008414, -0.032124553, 0.0035637368, 0.01678541, -0.034063112, -0.049959153, 0.037175793, 0.030960197, -0.0503009, -0.008900631, -0.0077219275, 0.04555056, 0.07826555, 0.056166127, -0.092440784, 0.01834858, -0.006951484, 0.014176635, -0.0077453637, -0.07180178, -0.005883689, -0.06993213, -0.006343576, 0.13800456, -0.03940923, -0.032488544, 0.008754545, -0.04063299, -0.014423824, -0.008777672, -0.07288206, 0.02573501, 0.0035530024, -0.023052715, -0.024528112, 0.0334918, -0.047025304, -0.024652947, 0.027180554, -0.012992395, 0.019686818, -0.011220828, -0.05175857, 0.11507873, 0.05907793, -0.05039356, -0.051249065, -0.010990379, 0.038319312, -0.019861132, -0.07756899, 0.00090559, -0.05548623, 0.0010604617, -0.062110364, -0.044399533, -0.05509198, 0.0087000625, 0.023507923, 0.020441975, -0.014689508, 0.14786799, -0.05553146, 0.006232334, 0.046616297, -0.0007722803, 0.036944885, -0.08486704, 0.011954377, -0.022352701, 0.019596918, -0.034532283, 0.055490866, -0.031784456, 0.017122252, 0.117257245, 0.055155233, -0.11643936, 0.027786324, 0.07221855, 0.024743779, -0.043892533, 0.005036649, -0.06904136, -0.07644238, -0.0112344455, -0.043818917, 0.08837584, -0.062056378, 0.031045534, -0.048617434, -0.019748496, -0.0696056, -0.055375203, 0.06524267, 0.031212866, -0.023298899, 0.06970593, 0.047546666, -0.0044337385, 0.027961284, 0.027150933, -0.0031144123, -0.03064489, -0.039974574, -0.022244709, -0.063490495, -2.5506877e-33, -0.043180916, 0.07006291, -0.010111161, 0.16421074, -0.061526466, 0.014947647, -0.017913101, -0.022606298, 0.0016426026, -0.022386992, 0.045680847, 0.09748858, 0.032469936, 0.058539376, -0.013533107, -0.035639677, -0.080390416, 0.16381474, 0.060539287, 0.074561425, 0.035462618, -0.0009845815, -0.0020475169, 0.009291418, 0.07923054, -0.010374012, -0.018284373, 0.057058685, 0.003621551, 0.0005048497, 0.05381169, -0.02631841, -0.08754204, -0.08850903, 0.029933447, 0.07300797, -0.06435109, -0.058815405, -0.026861988, -0.050117638, 0.005819523, -0.034214433, -0.08679103, -0.0078044594, -0.0002612449, 0.023917984, 0.04961312, -0.04501572, 0.041224647, 0.072175145, -0.062307324, -0.0076634926, -0.017231688, -0.04055644, 0.031728134, 0.020603545, 0.003461332, -0.049306184, -0.031599868, 0.04670856, 0.041055854, -0.0023847718, 0.002496143, -0.06821616, -0.064493425, -0.02163838, -0.00085725804, 0.031297486, 0.0033819135, -0.04217858, -0.04903247, -0.030507293, 0.13265856, 0.018642478, -0.08936042, 0.0067260046, -0.08610776, -0.0106927855, -0.03113423, 0.019943954, -0.041838888, -0.015695827, -0.0015783727, 0.0050925463, 0.0029457589, 0.03287063, 0.07767135, -0.07673926, -0.039260034, -0.03450245, -0.036397528, 0.018838087, -0.03618266, 0.030049521, -0.01007373, -6.049174e-34, -0.013672408, -0.008996597, -0.01043253, -0.0043975106, 0.036769614, 0.053644482, -0.09099238, 0.05119966, 0.047023967, -0.0068346616, -0.0863417, 0.04567294, 0.007285523, -0.06520818, -0.14517222, -0.007773156, -0.022875158, -0.036610246, -0.050934765, -0.00052944105, -0.019038385, 0.07522825, -0.082226515, -0.02426872, 0.010637291, 0.07189268, -0.015836332, -0.04813939, 0.002525717, -0.0029700042, -0.0072862892, -0.065857306, -0.08649805, -0.06750359, -0.031145468, -0.014961943, 0.10967019, 0.067864284, 0.0073827156, 0.011401181, 0.15389718, -0.0035005286, 0.065786354, -0.011667625, -0.05985861, 0.0059705274, 0.017490782, 0.034596022, -0.036249243, 0.003599388, 0.05943364, -0.0036963718, 0.030535204, -0.034413844, 0.007958948, -0.03177785, 0.011881148, -0.05295784, 0.09808378, -0.014147868, -0.0744192, 0.0025474713, -0.02582951, 0.07881371, 0.0018300607, -0.04750027, 0.018552734, -0.051441148, -0.025580777, -0.011566402, 0.031302497, -0.05150923, -0.0031215856, 0.034402803, 0.07776848, -0.00783642, 0.017303554, -0.06864871, -0.028257208, 0.060637932, 0.08369438, 0.025394127, 0.03785698, -0.030197583, -0.019191155, 0.043482862, -0.015210727, -0.055601776, 0.08128164, -0.06353341, -0.11672597, -0.06523668, -0.05022382, 0.012012517, 0.01451692, -3.713018e-08, 0.017705265, -0.016767139, 0.02220212, 0.05598176, -0.023243926, 0.11307709, 0.019417375, 0.01829638, 0.0063922238, 0.017086366, 0.016204145, -0.011631515, -0.05078979, -0.013934788, 0.113604195, 0.054989256, -0.035391454, 0.083308786, -0.034889337, -0.07887497, -0.014131115, 0.036323313, 0.017467046, -0.026072506, 0.030674089, 0.049160186, 0.012838328, 0.08603428, -0.051452175, 0.032297406, -0.017063372, 0.043084107, 0.021784365, -0.023299467, -0.063030854, 0.066781886, -0.060747184, -0.021791307, 0.04277532, -0.0191951, -0.029812269, 0.11268169, 0.0019285248, 0.06433371, 0.06521183, -0.0026456916, -0.029443653, 0.021885611, -0.008659796, 0.025452022, -0.052559137, -0.024447795, 0.054625016, 0.04176605, -0.062267553, 0.075295545, -0.028680312, 0.025453448, 0.04238879, 0.013586591, 0.0689765, 0.1510425, -0.005077873, 0.049314875]}