{"timestamp": 1777754955.4021592, "embedding": [-0.04243264, 0.002466461, -0.0015453747, 0.013500042, -0.0013891008, 0.037656985, 0.04913825, -0.00488797, -0.078135744, 0.031674784, -0.043090813, -0.013577027, -0.017428093, -0.020763565, -0.07421001, 0.06644855, -0.056591142, 0.041795496, 0.02531984, -0.12770167, 0.022139972, 0.069158345, 0.08241419, -0.08327734, 0.022572432, 0.016056197, 0.012852519, -0.050563693, 0.053587127, -0.013372253, 0.0024588238, 0.055009414, 0.07164658, 0.014933597, -0.06400706, 0.051564828, -0.00064219604, 0.06817965, 0.09890502, -0.039946597, -0.0062949695, -0.05512448, 0.01638189, -0.030274067, 0.1419235, 0.01628304, -0.08232937, -0.011743824, -0.015771236, 0.078525215, -0.12673025, -0.039032284, 1.6297163e-05, 0.0069317734, 0.058650523, 0.012451998, 0.030991668, -0.0029734804, 0.006938314, -0.048985954, 0.023686543, -0.020937016, -0.049022943, -0.009934744, 0.04558495, 0.061090972, 0.016007952, -0.04126657, -0.065747686, -0.06501991, 0.027048219, 0.03820058, -0.04125508, 0.058981046, 0.028621549, 0.030442419, 0.007449174, -0.036297668, 0.018499663, -0.070274085, -0.054180752, -0.014743462, -0.009266422, 0.059100933, -0.048006468, 0.044835668, 0.01557661, 0.0059931013, 0.046230014, 0.06224873, 0.014917889, -0.081973225, 0.047558777, -0.005137545, 0.034874722, 0.089108035, -0.026428634, -0.08302172, -0.08807824, -0.027120242, -0.010499672, 0.011154812, 0.023691284, 0.05343457, -0.027532663, -0.02524842, 0.106733024, -0.0643792, -0.013104865, 0.009499358, -0.0046207937, 0.016074158, -0.01881816, 0.008953987, 0.08441352, -0.010094853, -0.032106213, 0.07416475, 0.056154847, 0.014739648, -0.0060246126, 0.016646562, -0.0057604103, 0.075567506, 0.0062175565, -0.009205518, -0.08538364, -3.5671375e-33, -0.035029054, 0.04797252, 0.04084495, 0.07869205, 0.03782294, -0.050174013, 0.051410962, -0.014610057, 0.00048756952, -0.085766666, -0.12921733, 0.007832881, -0.04209459, 0.113177344, -0.00711903, 0.03805971, -0.06582681, -0.010985664, -0.0230107, 0.0017502749, 0.086711444, 0.04681903, 0.018939909, -0.046437748, 0.023443058, 0.05076072, 0.00089896534, -0.07905508, 0.03544402, 0.032429054, -0.087706305, -0.00044369942, -0.06736984, 0.01007284, -0.009614579, 0.07142391, -0.009866217, -0.038938794, 0.04008965, 0.10312301, -0.01451138, 0.033476852, -0.0027507883, -0.017361438, -0.009962995, -0.009857621, 0.053237654, -0.032544143, 0.016722985, 0.07957695, -0.09290654, 0.06439061, -0.051337454, -0.14369103, 0.10331211, 0.018719485, -0.031408966, 0.11094105, -0.033061646, 0.03264024, 0.060625393, 0.059598487, -0.026097134, 0.07009813, -0.0002029053, -0.003319194, -0.024171071, 0.030411968, 0.10750832, 0.009079785, 0.042464923, -0.06228615, -0.024818027, -0.030110275, -0.15063278, -0.0014678715, 0.009930756, -0.08629145, -0.010900858, -0.023252571, -0.042887308, 0.04133066, -0.110045806, -0.023255318, -0.038253807, -0.08070211, 0.014675575, -0.03072135, 0.001752537, 0.010392149, -0.0028462186, -0.04230769, 0.01313456, -0.018486777, -0.16526607, 2.0490444e-33, -0.1078118, -0.07615565, -0.024512243, 0.028611792, 0.001476314, -0.029638758, -0.0066603716, -0.0114900805, 0.044782106, 0.009179543, 0.03997366, -0.012101236, 0.000617867, -0.028141653, 0.023376798, -0.05826282, -0.08644193, 0.019069549, -0.0031430554, 0.03706414, 0.08588299, 0.111693665, -0.027509728, 0.0042795953, 0.07300523, 0.015737811, -0.0053643594, 0.047308467, -0.06502377, -0.0035366449, 0.023829218, 0.020594832, -0.026301485, 0.054895632, 0.015293811, 0.06675898, 0.07780725, -0.010465368, -0.0035888564, 0.030883513, 0.044275895, 0.025445329, -0.03231778, 0.02682557, -0.041499928, 0.049162664, -0.05345731, 0.030220833, 0.036828857, -0.0048143403, 0.060875855, -0.006135, -0.057268362, -0.07042863, -0.054985046, -0.009562194, 0.10625951, -0.05119255, 0.038751423, 0.05197636, -0.049101934, -0.001484726, -0.002102356, 0.025387032, -0.009178146, -0.051308196, -0.01789723, 0.0935776, -0.05719786, -0.042250637, 0.028247258, -0.057337083, 0.03224484, -0.07954615, -0.06105302, 0.030209275, -0.05606449, 0.00076109724, 0.0085753715, -0.11491048, -0.029743312, -0.030383853, -0.03469117, 0.06361763, -0.020306787, 0.049505074, -0.024179306, -0.006641414, 0.017165635, 0.048452955, -0.019293869, 0.0131392395, -0.008674361, 0.004922879, -0.1047359, -1.538441e-08, 0.0072706025, 0.022474607, 0.07736127, -0.017217055, 0.05722637, 0.062117226, -0.07605863, -0.00022830271, -0.0071001276, 0.0690288, 0.031698883, -0.015354436, 0.03803412, 0.00784686, 0.12358037, -0.048653714, -0.012356611, 0.06719275, -0.028532928, -0.021899039, 0.14756507, 0.017118514, -0.044686142, -0.03503866, 0.0070220097, -0.039677307, -0.06426614, -0.06338022, -0.046807315, 0.11943099, -0.008965193, 0.022876775, 0.032501206, -0.05247418, 0.10161559, 0.045246836, 0.012026661, -0.023403885, -0.06994071, 0.019955844, 0.011747698, 0.043855436, -0.011689211, -0.000494297, 0.03611561, -0.037091125, -0.023989717, -0.110988736, 0.0016488252, 0.009566278, 0.019296959, -0.03946537, 0.05120518, -0.0007086961, 0.04212997, 0.031262908, 0.013028943, -0.009912538, 0.0061470894, -0.030106219, 0.08794795, 0.09380889, 0.025686769, -0.03183824]}