{"timestamp": 1777755494.7679281, "embedding": [-0.08918557, 0.10008668, -0.01745433, 0.026357112, -0.14513832, -0.05415911, 0.034406807, -0.014165847, -0.009461623, 0.020716099, -0.000115788804, -0.13579576, -0.055436727, 0.02147564, -0.0449461, 0.030078314, -0.021884399, -0.0004238022, 0.10878462, 0.012868553, 0.055907656, 0.12480847, -0.01211852, -0.0057133418, -0.022714272, -0.010046507, -0.05214453, -0.007291825, 0.034273755, -0.017128114, 0.015370993, -0.013957747, 0.072693296, 0.0044653374, -0.06864343, 0.049032845, -0.04199018, 0.04249703, 0.0493223, 0.0034371563, -0.026147148, 0.060748447, 0.043306958, 0.026137728, 0.0059465775, 0.057887923, -0.00043413785, 0.0152957225, -0.019983564, 0.008070428, -0.012387097, -0.13383298, -0.035083894, 0.016188392, 0.023681005, -0.05272439, -0.04182975, -0.08416801, -0.036343582, 0.0616467, 0.03589107, 0.049715236, -0.027177777, 0.033895086, 0.007456132, -0.060180977, 0.002080891, -0.09527006, 0.020847825, 0.0022616356, 0.09057396, -0.04408987, 0.10690268, -0.05858347, -0.1104746, -0.14315139, 0.0772045, 0.04855625, -0.06001316, -0.022195993, -0.08062608, 0.003764709, 0.032658186, 0.015259046, 0.048542034, 0.015960323, -0.04544388, 0.0052661775, -0.10899986, -0.024370912, 0.005407989, -0.060778894, -0.008178294, -0.021408668, 0.006141768, -0.0073572877, -0.012267493, 0.015450488, -0.027818142, 0.07086478, -0.025214106, -0.03258123, -0.027291318, 0.03927826, -0.021526726, -0.007846326, -0.03019161, -0.052089322, -0.007176444, -0.016208936, -0.04397416, 0.036580782, -0.008194299, 0.06820556, -0.09938469, -0.015579397, -0.1196917, 0.022945743, 0.08811178, 0.03407053, -0.04514295, 0.06174409, 0.004635709, -0.03544197, -0.055973075, -0.0011904585, -0.054024797, -7.3096845e-33, 0.0036487076, -0.0556019, 0.00047936797, -0.059384815, 0.0036055266, -0.004946088, -0.027584378, -0.045712493, -0.02267551, -0.01004741, 0.07738349, -0.099099204, 0.06428863, 0.023632927, 0.04933822, 0.011843962, -0.06513488, 0.08504045, -0.00033368735, -0.043647204, -0.035002906, 0.067833245, 0.028094102, -0.015624058, 0.0017606918, -0.0020592948, -0.0026248523, -0.04903852, -0.07790664, 0.04834727, 0.0456386, -0.052527905, -0.017646374, -0.023000672, 0.011182647, 0.018984387, 0.044728, -0.113868125, -0.1224932, 0.0007256967, 0.06572097, -0.014671095, -0.09600268, 0.081640884, -0.033885337, 0.015937299, 0.011702137, 0.06530287, 0.047372103, 0.0023541865, -0.045883797, -0.011014798, 0.03425742, -0.0842478, -0.07678472, 0.040476624, 0.052323036, 0.01609359, 0.010894989, -0.0066033695, -0.028028823, -0.04949129, -0.011574264, 0.02599847, 0.052104693, -0.07457538, 0.06322616, -0.025683664, -0.012369816, -0.051551856, -0.034288965, -0.040426638, 0.03273095, 0.061599955, -0.044643946, -0.008305369, 0.045723062, 0.0216455, -0.06655038, 0.051139522, -0.09190838, 0.040717117, -0.016992014, -0.040500756, 0.0054436307, 0.05208611, 0.039391473, -0.02168258, 0.04945325, 0.058032174, -0.11220528, -0.026533421, -0.07147289, -0.04961145, -0.037434846, 3.149211e-33, -0.057569418, -0.019782547, -0.025771748, 0.026781464, -0.053621855, 0.021131547, 0.010490324, 0.087979704, -0.0573411, -0.0052008666, 0.007561848, 0.076002926, 0.02090947, -0.07147111, 0.09779307, 0.052578565, -0.010395496, 0.035064302, -0.024096968, 0.038648974, 0.04577668, 0.043063775, -0.09301675, -0.07487862, -0.006575341, 0.03589647, -0.01564193, 0.011190901, -0.074436106, 0.005970131, 0.008996588, 0.008203914, -0.08314519, 0.026469782, -0.058032174, 0.1004369, 0.018218352, -0.05120825, -0.009073906, 0.13518208, 0.019965835, 0.09211569, 0.0692651, 0.108911306, 0.028450696, 0.009858001, -0.036672305, 0.08383059, -0.03767079, -0.03613974, -0.027476206, 0.015447686, 0.05735701, -0.09208603, 0.08962844, -0.019571573, -0.112021714, -0.041559447, -0.013233995, -0.026562328, 0.08974461, -0.025613204, 0.039450634, 0.079970635, -0.021271264, 0.0340815, -0.066880554, 0.0013485997, 0.028593915, 0.018017873, 0.0006539744, -0.017094824, -0.05344189, -0.013977771, -0.11373366, 0.06252398, 0.06937426, -0.0036435234, -0.0057442444, -0.030223802, 0.017142763, 0.07311888, 0.08717619, -0.0067959595, 0.045006566, -0.03997787, -0.0019061904, 0.0667097, 0.071377255, -0.0040100203, 0.0046401024, 0.020952944, -0.028947424, -0.036448963, -0.007980482, -1.8668706e-08, 0.026915053, -0.0027107915, -0.017775651, -0.007695024, 0.0030977728, -0.033018526, -0.010367611, -0.033390265, -0.012410515, 0.010271175, 0.029833594, -0.01099351, -0.019970445, 0.0024724866, 0.056389697, -0.07064941, 0.07006482, 0.095810935, -0.03929794, -0.0016228184, -0.04945337, -0.012640247, 0.07923793, -0.042659335, 0.0052638166, 0.033326764, 0.034265943, 0.015170984, 0.006822464, 0.04377409, 0.0110257855, 0.12335607, -0.037360094, -0.017267851, 0.025210166, 0.038312335, 0.024257086, -0.004878183, 0.04697628, -0.0420148, 0.021275131, 0.025744794, 0.057814527, 0.10218905, 0.010663, 0.083230644, 0.00024498723, 0.054028854, 0.020477904, -0.095509395, -0.011103451, 0.035993192, 0.047648523, 0.023491442, -0.04958134, 0.053566, -0.01033986, -0.07656657, -0.05459025, -0.060590208, 0.099471584, -0.035855964, 0.039664805, -0.019865682]}