{"timestamp": 1777755136.408737, "embedding": [-0.031849194, 0.008799757, -0.010984109, 0.012835876, -0.12728904, -0.008543417, 0.09311899, -0.016796196, -0.055057652, 0.019912565, -0.02981857, -0.04967321, -0.002242716, 0.009017907, 0.02643034, 0.017420629, -0.032795407, -0.0008760893, 0.02831549, -0.08954531, -0.013958627, 0.013448655, -0.015545199, 0.007454359, 0.088229634, 0.052725982, 0.013335069, -0.03013286, 0.05972629, -0.013678298, 0.011131102, -0.0038850154, 0.122785956, 0.047542993, -0.01532645, 0.07559075, -0.010460527, -0.08196966, -0.031094756, -0.052328113, -0.09952829, 0.078076355, 0.016515998, -0.029429615, 0.017892502, 0.008872176, -0.043331824, 0.004951909, -0.044912364, -0.016317504, -0.14096831, -0.072383724, -0.023872826, -0.05981761, 0.030607346, -0.011293891, 0.023286514, 0.020837603, -0.019423587, 0.0021712861, -0.02638633, -0.03139805, -0.049569253, 0.09659995, -0.060330823, -0.005205407, -0.026103467, 0.001870364, 0.028855355, -0.031394985, -0.017382609, -0.04766668, 0.022532647, 0.023381168, 0.010978474, -0.11103233, 0.10122809, -0.019852603, -0.0940241, -0.0955472, -0.017616393, 0.030123608, -0.027274245, 0.06336933, 0.020476947, 0.031579256, 0.036063142, 0.04764257, -0.0038498384, -0.029737834, 0.04195171, -0.04842948, -0.02326947, -0.01851951, -0.011767868, 0.031219142, 0.032421637, -0.0019555718, -0.09319637, 0.07019024, -0.032483354, 0.0047262125, 0.08002431, -0.014042969, -0.065789185, 0.024535174, -0.008679675, -0.015422506, 0.013247039, -0.050516266, -0.026047343, -0.00015642351, -0.037332818, 0.016375508, 0.0068853768, 0.032587938, -0.011228768, 0.04124393, -0.005195177, 0.10799377, -0.034475297, 0.054897685, -0.0059077437, 0.067011245, -0.04381854, -0.020741863, -0.0551448, -5.3472727e-33, 0.0319736, 0.006863113, -0.0028283037, -0.019099515, 0.021120215, -0.0303344, 0.04440217, -0.038444072, -0.019105535, -0.033045232, 0.04797818, 0.009122565, -0.00902872, 0.060033318, 0.017970981, 0.076224335, -0.05842523, 0.036817797, -0.0073239557, -0.01598227, 0.02927851, 0.07417789, 0.025172919, -0.05818352, -0.010873626, 0.05999136, 0.1195134, -0.047578007, 0.04997362, 0.05153696, -0.056734346, 0.02090027, -0.09225029, 0.056851692, 0.025683414, 0.031419337, -0.044774387, -0.09418634, 0.010385174, 0.024417244, 0.07918864, 0.050926816, 0.009862519, 0.036339816, -0.0070867715, -0.019269262, 0.042644065, 0.048197232, 0.02452588, 0.03560829, -0.06146531, 0.029077467, 0.04214864, -0.01017835, 0.022297645, 0.024458934, 0.0057712994, 0.0032479984, 0.045225356, 0.084279425, -0.022705035, -0.017287312, 0.03793854, -0.012700335, 0.057616293, 0.04545863, -0.06130022, -0.018574048, 0.061060723, 0.015292439, -0.05934741, -0.01724464, 0.023922518, 0.09616577, -0.15373011, -0.034639012, 0.038133662, -0.10655278, -0.016223673, 0.041059084, -0.07933194, -0.03859554, 0.043826267, 0.03819522, -0.016282171, 0.02218881, 0.04692024, 0.017320164, 0.014461974, 0.023258867, -0.019642543, -0.053259082, -0.00073913473, -0.04290423, -0.050705947, 2.8009951e-33, -0.043999173, -0.030221632, -0.101932086, 0.021717057, -0.09253461, -0.037599772, 0.024288677, 0.0865478, 0.049517684, 0.036987077, 0.08009554, 0.006489653, 0.06356615, -0.029855622, 0.06585725, -0.009507864, 0.05101156, 0.028385218, 0.031337716, 0.018192166, -0.042877488, 0.031453364, -0.13160388, 0.018861208, 0.013872779, -0.00925707, -0.08315754, -0.015306476, -0.08144942, 0.06370496, 0.0911358, -0.015753485, -0.09648613, 0.06901078, 0.0080847265, 0.023770735, -0.03342185, 0.018257888, -0.014560307, 0.13046722, 0.08478981, 0.012880697, 0.04792052, 0.07026039, 0.0369528, 0.026338227, -0.08202805, 0.12968448, -0.033402294, -0.090529606, 0.03919832, -0.056944195, 0.04560442, -0.13940194, 0.02859589, -0.022853117, 0.03640046, 0.0051259296, -0.011394225, -0.038777266, 0.0014642356, -0.033865537, 0.1310586, -0.026001409, -0.06258349, 0.0034689938, -0.044328224, -0.014871615, 0.0077078384, -0.08332775, 0.080567874, -0.05627043, -0.08542341, -0.05080827, -0.116742074, 0.09900179, -0.0337505, -0.03203533, -0.063544974, -0.062964454, 0.08604776, 0.008989119, 0.04291723, 0.024593513, 0.046706334, 0.07237869, -0.041192926, 0.004535155, 0.05688563, 0.025387786, 0.0069729174, 0.09557435, 0.040902674, -0.0037786947, -0.055383388, -1.3489337e-08, -0.055069346, -0.007861796, -0.027794216, -0.014501981, -0.022848694, 0.08594675, -0.049458265, -0.0235248, -0.05690223, -0.0014403093, 0.03119414, 0.03478876, -0.059525374, 0.018983072, 0.035170004, 0.06352628, 0.109299205, 0.08494994, -0.016856877, 0.045330465, 0.015400612, -0.008888387, 0.054128647, -0.0057744905, -0.09784669, 0.010984952, 0.05419757, 0.07947022, 0.028387621, -0.013353873, 0.017340047, 0.019174134, -0.01885245, -0.07578901, 0.01948704, 0.048679266, 0.023705585, -0.07172586, 0.02976591, -0.033973057, 0.033620343, 0.039701432, 0.0007837107, 0.007971725, 0.027518967, 0.0016611617, 0.02699912, -0.11321475, -0.010693108, -0.010811535, -0.042581335, 0.022468207, -0.011968675, 0.011959119, 0.06047147, 0.01862806, -0.13564055, -0.111384556, -0.019976296, -0.013184581, 0.009341675, 0.039957892, 0.07802372, 0.008840786]}