{"timestamp": 1777754883.662921, "embedding": [-0.022128725, 0.034168266, 0.011675224, 0.06867527, -0.11636398, 0.002226822, 0.048578795, 0.022043776, -0.026462628, 0.015698824, -0.005933438, -0.1153897, -0.0021012877, 0.009732285, -0.025206847, 0.016274324, 0.11082997, 0.018152826, 0.028971031, -0.053169552, -0.039856203, 0.006768541, -0.04049336, -0.009281861, -0.014061326, -0.02639869, -0.0060838256, 0.010199374, 0.03552769, -0.024081545, 0.0372448, -0.05372407, 0.046247087, 0.004522749, -0.08772805, 0.080564916, -0.03097074, 0.011303267, 0.010524415, -0.043280356, -0.0072962046, 0.052849393, 0.05871732, -0.053329967, 0.009950268, -0.046496443, -0.027991857, -0.045324087, -0.0074041453, 0.008271133, -0.075864926, -0.06578498, 0.030800173, -0.065743305, 0.055010375, -0.08142795, -0.07104872, -0.07882601, -0.05031272, 0.00808021, 0.025493013, 0.04774665, -0.03532619, 0.044248115, -0.041506745, -0.019483034, -0.050561603, -0.05858539, 0.110585704, 0.00955506, 0.048743222, -0.043582898, -0.023764852, -0.057583895, -0.033557117, -0.116698384, 0.055014588, -0.027025564, -0.1069278, -0.015023167, 0.0033936298, -0.022802968, 0.024982622, 0.021855723, -0.01575142, -0.0461231, 0.03605727, 0.054939825, -0.08681602, 0.00041881483, 0.10044232, 0.05749014, -0.11321589, -0.059195895, 0.06661677, 0.003508872, -0.0030711307, 0.007845516, -0.060058426, 0.05608525, 0.0017940209, 0.025167158, -0.0086276885, -0.0015685702, -0.053251766, 0.06271668, -0.03231343, -0.013166436, -0.046411976, 0.009711058, -0.0127318585, -0.0011692091, -0.06345297, 0.039652087, 0.0069898427, 0.00878902, -0.105684996, 0.057323605, 0.013491497, 0.08723664, -0.006146418, 0.059360996, 0.029115641, 0.04072968, -0.037594892, -0.08762962, 0.0245765, -2.6658743e-33, -0.04624861, -0.02234482, 0.00092425506, 0.011393738, -0.01648734, 0.007965564, -0.04024212, -0.044525724, 0.015514477, 0.024595642, 0.09152402, 0.022714216, 0.049319293, -0.019076904, 0.02375116, 0.04839041, -0.13545531, 0.04695698, -0.028772071, 0.071806, -0.07127148, 0.010941138, 0.0062860926, -0.0011432328, -0.015255296, 0.055358518, 0.082137324, -0.020784987, -0.011080836, 0.02098604, 0.021430336, 0.024884092, -0.10748881, -0.041338675, -0.020739127, 0.087979086, 0.004413056, -0.08595368, -0.07542646, 0.0142697375, 0.026734013, 0.039261006, 0.0018902423, 0.011934656, -0.10030559, 0.038369454, 0.02609228, 0.09027366, 0.042376913, 0.051432744, -0.037362654, 0.032450568, 0.05085047, -0.03546836, 0.007568364, 0.06375388, 0.0028058894, 0.017087683, 0.06173073, 0.10332207, 0.044056978, -0.089398615, -0.05159304, -0.027288934, -0.032772236, -0.047524985, -0.0028098607, -0.05228034, 0.008850787, -0.028268537, -0.06091659, -0.03830775, 0.0155563485, 0.021500789, -0.10846623, -0.061873518, 0.067992374, -0.0068916497, -0.088046394, 0.12247417, -0.08151193, 0.07620683, 0.08848472, -0.047671806, 0.067745835, 0.053639356, 0.00082068954, 0.003965404, 0.017808735, 0.115107216, 0.0002166549, -0.016872631, -0.01539445, -0.036901988, -0.012567421, 2.269977e-34, -0.05609754, -0.0048410217, -0.039629497, 0.0234981, 0.029207049, -0.009556503, -0.026762048, 0.15428463, 0.029700233, 0.08147502, 0.04411945, 0.09998365, 0.055138025, -0.059187092, 0.010079466, 0.0013026679, 0.033606157, 0.016183266, -0.0069897845, 0.020739703, 0.0545029, 0.09589027, -0.05593822, -0.06854395, -0.07837848, 0.044172317, -0.08606228, 0.044835955, -0.12863751, -0.04517285, 0.11096007, 0.040454715, -0.074950054, 0.030530304, -0.035154533, 0.093207166, -0.010661946, 0.03430005, 0.00500576, 0.12889758, 0.059208512, 0.078251235, 0.028476197, 0.034414586, 0.051579256, -0.010487047, -0.009503954, 0.046127472, -0.048339892, -0.05489627, -0.017108515, -0.0059561604, -0.011343711, -0.072956234, 0.040245693, -0.04140683, 0.037079412, -0.05398618, 0.0053169965, -0.06810753, 0.015693381, 0.00783597, 0.052383747, 0.06850929, -0.0873334, 0.01444239, -0.036602065, -0.023489876, -0.11436149, 0.040304624, -0.042098746, -0.08777692, -0.101887316, 0.049730152, -0.05274467, 0.095215626, 0.032175526, 0.0006177231, 0.0074045337, -0.063659385, 0.01650113, 0.03010971, 0.045814432, -0.027010797, 0.027657792, 0.066003025, -0.049255416, -0.013504019, 0.05559866, 0.00045473865, -0.00952655, 0.027900856, -0.043795947, -0.07791821, 0.024217008, -1.5103687e-08, -0.022248764, -0.0027874224, 0.017991323, -0.02381488, -0.06904439, 0.035908267, -0.009046513, 0.020418683, -0.0713119, 0.027646733, -0.022431482, -0.03023288, -0.059299015, 0.025224797, 0.05012558, 0.036068365, 0.102689356, 0.10933686, -0.043136716, -0.019594492, -0.026167452, 0.05101137, 0.08783239, -0.08783663, -0.03950028, 0.0602183, 0.054397266, -0.0073586577, -0.049924213, -0.005407381, 0.0029729223, 0.07542299, -0.011023671, -0.07673957, -0.0040069823, -0.00040213612, 0.033784755, -0.012177698, 0.025332842, 0.00057402323, 0.007201045, -0.0078137815, 0.010328018, 0.025234984, 0.02612214, 0.047312696, 0.027276915, -0.056953035, 0.012710385, 0.05609696, -0.010133601, 0.025208082, 0.031010987, -0.013084496, -0.0042064656, 0.03228097, -0.038111802, -0.051294934, -0.016232632, -0.039518457, 0.07426722, -0.033511896, -0.03214852, 0.013842636]}