{"timestamp": 1777792448.0817769, "embedding": [0.03683472, 0.028987788, 0.008779597, 0.073045425, -0.12739225, 0.0007052219, 0.054175947, 0.03783198, -0.06564345, 0.029474637, -0.01862086, -0.11024316, -0.008671799, 0.039746948, -0.0066798944, 0.02994519, 0.07030126, -0.041461505, 0.022054669, -0.041336197, -0.036729228, 0.023914408, 0.013009508, -0.024487287, 0.017937591, -0.032655187, -0.02439607, -0.011715136, 0.0246049, 0.0001201079, 0.026466195, -0.04325412, 0.04957605, 0.009434789, -0.05581645, 0.07967468, -0.021782625, 0.026832929, 0.015208422, -0.018286634, 0.025672426, 0.017227203, 0.021168541, -0.03852835, -0.018164784, -0.066651255, -0.024414407, -0.047549188, 0.043160304, 0.017951317, -0.08441196, -0.047810033, 0.013551065, -0.08522987, 0.062690474, -0.047021132, -0.06011633, -0.040118057, -0.04667458, 0.020696944, 0.036302395, 0.05220428, -0.060635004, 0.04482189, -0.050025076, -0.050715446, -0.06782921, -0.04876631, 0.073542766, 0.02328915, 0.06898299, -0.004903002, -0.013286691, -0.07340072, -0.01536268, -0.10675145, 0.062061474, 0.00013232205, -0.04086068, -0.057779863, 0.0044908975, -0.035190705, 0.029046092, 0.034140322, -0.026398944, -0.042880323, 0.041781656, 0.04789656, -0.07680866, 0.014189102, 0.104746826, 0.0025460334, -0.08353342, -0.058673058, 0.03294023, 0.068596914, -0.038151365, 0.004531412, -0.10161282, 0.052633807, -0.007364013, 0.038513932, 0.012624587, 0.011678574, -0.08403967, 0.054524858, -0.017453616, 0.0080461195, -0.052073397, 0.037776258, -0.038971208, -0.0050225775, -0.027837377, 0.06949912, -0.012576658, 0.01709886, -0.10146132, 0.045807157, 0.0026571322, 0.11027829, 0.024176223, 0.05880652, 0.030435048, 0.048381913, -0.07075011, -0.08095502, -0.03196437, -5.127273e-33, 0.009112207, 0.0027032152, 0.0010860654, 0.0041021695, -0.012363674, 0.011618512, -0.035812058, -0.02880507, 0.030801954, 0.0027840263, 0.034617677, 0.0025397465, 0.05231737, -0.0014216086, 0.030959222, 0.056214117, -0.1357341, 0.045902755, -0.023710955, 0.028113404, -0.07279027, 0.0004395485, 0.0041845413, -0.0013728407, -0.02220925, 0.040265523, 0.0966046, -0.03351362, -0.012609889, 0.02514209, -0.033721004, 0.057446957, -0.12160912, -0.013082952, -0.03071392, 0.102745034, -0.008685519, -0.071173504, -0.06154333, 0.02045334, -0.011476353, 0.07057914, 0.0008222632, 0.0106281005, -0.074622676, -0.0039909906, 0.049655367, 0.06897833, 0.06408492, 0.027427806, -0.017548794, 0.027511617, 0.06612375, -0.06444733, 0.0093557015, 0.059089165, 0.03872459, 0.03246837, 0.07416879, 0.102940425, 0.053750325, -0.08362264, -0.035199635, -0.010687675, -0.03587503, 0.017349362, -0.0168298, -0.05220324, -0.045912463, -0.011253214, -0.053171832, -0.044969708, -0.005127296, -0.01784521, -0.11627815, -0.05358197, 0.070862725, -0.035157178, -0.0378868, 0.083458945, -0.10239332, 0.023524836, 0.08436916, -0.0175395, 0.07887351, 0.07236714, -0.0001331266, 0.04223864, 0.047603328, 0.11721387, 0.023649087, -0.04348366, -0.060872752, -0.046405062, -0.005597638, 1.6344042e-33, -0.083700925, 0.0041470514, -0.039419435, 0.06953974, 0.035227895, -0.004151938, -0.014663625, 0.16132419, 0.059813477, 0.06886873, 0.029471938, 0.09750377, 0.068570055, -0.029211953, -0.0054571726, -0.0054805726, 0.023582162, 0.023432504, -0.0010247405, 0.014664289, 0.041234527, 0.08190889, -0.01566742, -0.017901769, -0.06547691, 0.0448937, -0.06833791, 0.0019376164, -0.14035062, -0.04547928, 0.08137013, 0.014410835, -0.09862088, 0.05844069, -0.03081294, 0.071352944, -0.023258075, 0.033283077, -0.011329112, 0.16639487, 0.07236215, 0.05488738, 0.0398223, 0.045350365, 0.063181914, 0.014049684, -0.009185381, 0.020598069, -0.023018386, -0.07121613, -0.029249841, -0.00028911314, -0.060943756, -0.04292777, 0.0062671737, -0.028927304, 0.01773335, -0.04238675, -0.005240969, -0.08607421, 0.048108336, 0.048369754, 0.024583975, 0.034121856, -0.08718296, 0.036210712, -0.034471244, -0.022286784, -0.07392593, 0.04413253, -0.03721822, -0.087945454, -0.08714464, -0.018062081, -0.096765585, 0.1388635, 0.027637731, -0.021300431, 0.019054944, -0.08141271, -0.028675506, -0.00024088247, 0.022298595, -0.057685453, 0.039950736, 0.025903357, -0.034606088, -0.03282929, 0.065881886, 0.042659696, -0.02728725, 0.015869858, -0.020618912, -0.11812386, 0.02048482, -1.6060106e-08, -0.023782471, 0.044679023, -0.002836286, -0.010972347, -0.03276854, 0.06060569, -0.035118416, 0.0008553306, -0.019495849, 0.05894774, 0.041911, -0.0369409, -0.024277715, -0.009833876, 0.055534672, 0.019425984, 0.0877936, 0.11662946, -0.05345403, 0.0048211464, -0.017102653, 0.034518864, 0.090924494, -0.061591208, -0.01927662, 0.025695706, 0.032330077, 0.038377143, -0.065436244, -0.0035581314, 0.011303445, 0.058508873, -0.059076328, -0.08955573, 0.017714323, -0.008673686, 0.03273493, -0.019517563, 0.01142217, -0.049143218, -0.025588343, -0.007444638, 0.004491589, 0.01584798, 0.0391584, 0.031505894, -0.03439375, -0.024812503, 0.018570175, 0.0055560176, -0.022073079, 0.041255523, 0.031464502, -0.052609667, 0.019554643, 0.009827372, -0.031211372, -0.08865564, -0.08195513, -0.045053124, 0.052880403, -0.07147171, -0.023981974, -0.005373397]}