{"timestamp": 1777746436.978128, "embedding": [0.035084393, 0.06460433, 0.008270299, -0.017057505, -0.01723133, 0.05806838, -0.03214863, 0.14271417, -0.0011073059, 0.011014392, -0.07437179, 0.013975444, -0.037403338, 0.017886465, -0.020171534, -0.03707905, 0.039442174, -0.040495418, 0.02351739, -0.02646704, 0.04642083, -0.040129915, 0.077839695, 0.057213753, -0.04027345, -0.035879593, 0.027854534, 0.026337087, -0.06957411, -0.0026077526, -0.05948489, 0.066553205, 0.10217373, 0.055187926, -0.034095246, 0.040281918, -0.06242712, 0.120018646, 0.054635826, 0.044146426, 0.00074101525, -0.038181312, 0.0074773096, 0.021943761, 0.005211347, -0.0599697, -0.021004254, -0.045101084, 0.0035027564, 0.03536258, -0.0692927, -0.029304396, 0.0047589485, -0.0237967, -0.0117850555, 0.01718999, 0.051890958, -0.082955405, -0.023414763, -0.050609294, -0.0644282, -0.0063701463, -0.04598842, 0.046584178, 0.073366895, -0.012591265, -0.030300206, 0.06913221, -0.011470219, -0.0215715, -0.13009444, -0.07960734, 0.06099064, 0.06451496, 0.031999156, -0.033284575, -0.059716605, -0.017074158, -0.028789472, -0.023860093, -0.0035982307, 0.071414106, -0.013430089, -0.0030403864, -0.038134057, -0.015773306, 0.0799237, -0.07659773, -0.0061983797, -0.009866902, -0.011840629, -0.086709544, 0.07552957, -0.010371681, 0.0026156635, 0.07696386, -0.013528739, -0.09834601, 0.09018935, -0.009343293, 0.038037617, -0.07700723, 0.007330466, -0.06946002, -0.08388368, -0.06436882, -0.0038215148, -0.005767161, -0.06520193, -0.015102416, 0.0038026548, 0.01699262, -0.08159162, -0.044555802, 0.081241265, 0.04658013, -0.040609516, 0.07255154, 0.08419797, -0.0022392557, 0.043927982, 0.048158173, 0.0025961148, -0.041427474, -0.0681157, 0.02787896, -0.0018021506, -5.680671e-33, -0.029050322, 0.03701307, -0.0044919974, 0.17356682, 0.010374627, 0.012311271, -0.041427452, 0.008356986, 0.039048135, 0.030818462, 0.051294044, 0.090493135, 0.011220913, -0.009743917, -0.093169376, 0.051115923, -0.059980147, 0.11536656, -0.026587877, 0.08103378, -0.036467407, -0.019552993, 0.007802352, -0.0058849063, 0.021514824, -0.0071410043, -0.033464342, -0.0015788613, -0.026607791, -0.020088289, 0.023317635, -0.031657755, 0.008892533, -0.05707061, 0.0957332, 0.070931904, -0.048943788, -0.046689805, 0.047908142, -0.022064704, -0.08850598, -0.073062986, -0.017576674, -0.027650883, 0.041935734, 0.053450286, -0.030644223, -0.016946493, 0.04715953, 0.04538789, -0.039598566, -0.025453432, 0.04511456, -0.025467694, 0.056764856, 0.018382614, 0.043874364, -0.013942678, -0.014037155, -0.026105383, 0.054029655, 0.10075411, -0.056835055, -0.0045679603, -0.03764573, 0.030895488, -0.02979095, 0.08396613, 0.062374312, -0.020572288, -0.1176117, 0.076772854, 0.108339556, 0.051264584, -0.064801626, 0.010499097, -0.055960793, -0.055998158, -0.036009625, 0.10334281, -0.02158742, 0.09040801, -0.032597482, 0.007544382, 0.011061153, 0.016181925, 0.052090194, -0.027769446, 0.006806145, 0.022730948, -0.013327943, 0.0068742232, -0.059699927, 0.094665356, -0.027841106, 6.0692463e-34, 0.072145015, 0.01592872, -0.026758017, 0.025897805, 0.09574709, 0.011188626, -0.049527496, 0.02921756, 0.062743835, -0.008779436, -0.052836537, -0.032026343, -0.040547267, -0.051532198, -0.0684759, -0.04214081, -0.10127019, -0.048457455, -0.068046995, 0.035071872, 0.0827914, -0.010571122, -0.017953053, -0.053166185, 0.003476404, 0.0058293426, 0.005638865, 0.017265765, -0.054360047, -0.059924524, 0.0448867, -0.021338794, -0.037682742, -0.034723334, -0.07727661, -0.0045966017, 0.05748376, -0.081382565, 0.01638575, 0.07147683, 0.068287276, -0.06904281, 0.04422158, -0.060890507, -0.053282987, -0.03254105, -0.013082984, -0.07207593, 0.023253806, -0.030152353, -0.037418693, -0.048561927, -0.020178163, -0.05517247, -0.012419745, -0.034193132, 0.023495905, -0.08001012, 0.004615789, -0.019293869, -0.038793284, 0.024732556, -0.041326266, 0.15893528, -0.019044135, -0.023150567, -0.009896114, -0.07243861, -0.055179823, 0.05866342, -0.011949855, -0.030291809, -0.043254115, -0.030945698, -0.015606164, 0.014956697, 0.007847644, -0.04282204, -0.05831605, 0.03675593, 0.026145333, -0.06603096, 0.007807042, 0.01890895, 0.009962677, 0.11224009, -0.08055594, -0.01283549, -0.008929989, -0.039025944, -0.06780835, -0.08079373, -0.073143154, 0.002878591, -0.0055886763, -3.1539734e-08, -0.054198265, 0.040346842, 0.0086375205, -0.026358336, 0.014928728, -0.02996569, -0.011308793, -0.044955943, 0.010444856, 0.07089241, -0.03911397, -0.08099568, -0.054095607, -0.0368686, 0.10547287, 0.048527647, 0.02906119, 0.13536943, -0.014632927, -0.040545914, 0.010385478, -0.015538576, -0.040456302, -0.024076613, -0.004435192, 0.026536006, -0.049212728, 0.095152535, -0.046199776, 0.0397743, 0.022471027, 0.056945827, 0.059218142, -0.05469906, -0.0025598865, 0.050813258, 0.07293834, -0.009927589, 0.060054973, 0.031692598, -0.063073754, -0.043631386, 0.0104586035, 0.07755216, 0.033613253, 0.023943655, -0.035845786, 0.110231414, -0.023328839, 0.011273178, 0.04111105, -0.039085038, 0.015423103, -0.015863528, -0.05289824, 0.10549108, 0.047071636, -0.039112672, -0.04620852, -0.035693098, 0.01388667, 0.10597776, 0.0043314304, 0.03378524]}