{"timestamp": 1777749832.221996, "embedding": [0.0115471585, 0.02518003, -0.03671253, 0.059266355, -0.00721455, -0.0412051, 0.07717616, 0.037466154, 0.012532774, -0.006176742, 0.016980244, -0.07702853, -0.00043710874, 0.02786335, -0.016007198, -0.068269484, 0.008891555, -0.020364959, -0.08041994, -0.0130938655, -0.041122112, -0.025735212, -0.026633864, 0.033052776, -0.02214915, 0.021049192, -0.05791173, 0.03299679, 0.029757688, -0.06221191, 0.03881195, 0.03200547, 0.015375908, 0.04535879, 0.05309186, 0.0133385295, 0.041220356, 0.028100634, 0.019405521, -0.0032461346, -0.0036129889, -0.14290495, 0.03800812, -0.011006549, 0.02611783, 0.04146134, -0.01611687, 0.053586524, -0.056758292, 0.012232582, -0.035013687, -0.039736647, -0.04609532, -0.039118674, -0.017993147, 0.02163179, -0.006518017, -0.026540304, 0.048665036, 0.043378703, 0.046246175, -0.034472562, -0.024157157, 0.055643912, 0.024637174, 0.019464802, 0.011296989, -0.025761487, -0.03225114, -0.0327222, -0.01464949, 0.014676416, 0.010341524, 0.07418122, 0.0800177, -0.0042148917, 0.0027030709, -0.07670192, 0.058801685, -0.004837211, -0.08738582, -0.046379868, -0.039629746, 0.05245556, 0.024738954, 0.080679536, 0.11984129, 0.031814564, -0.11398014, 0.010683922, 0.019708274, 0.038701396, -0.03459816, -0.006138663, -0.042568773, 0.022671659, 0.008370003, -0.019498426, -0.023352617, 0.24527471, 0.049445424, 0.029171659, -0.005801525, -0.020417536, -0.07761173, -0.04297319, 0.00039337965, -0.06680148, 0.070756756, 0.006513611, -0.05849699, -0.0050822953, 0.030909553, 0.027546525, 0.027164694, -0.068165034, -0.06574648, 0.059087966, -0.03182174, 0.040610682, 0.05701349, 0.006977893, 0.006205848, -0.013230525, 0.031193225, -0.04032759, 0.070806675, -4.8470643e-33, 0.021902233, -0.10270782, 0.05621231, 0.09767287, -0.052740104, 0.019100277, -0.010461508, 0.07029687, -0.009155413, 0.05964382, 0.009300465, -0.015473355, -0.023282396, 0.024000265, 0.10214436, 0.09319902, -0.03310728, 0.011746943, -0.06561437, 0.031393807, -0.023831006, -0.04863575, 0.012293145, -0.04008052, -0.07650449, -0.035532646, -0.0013512188, -0.016517473, 0.016863778, -0.0004124727, -0.052722357, 0.029916065, -0.07283982, 0.06910414, -0.017653776, -0.005554487, 0.012934541, -0.022738107, 0.026741756, -0.025746055, -0.040253844, -0.0134618115, 0.00074543915, 0.0285583, 0.031920556, -0.031601675, -0.02953388, -0.020173665, 0.048036408, -0.0013254357, -0.013747863, 0.020042632, -0.06872276, -0.02186523, -0.031298395, 0.04925913, 0.012077667, -0.058840863, -0.026476143, 0.059763182, 0.067788094, 0.03402199, -0.052968957, 0.059807062, -0.025466762, -0.02064714, -0.053761814, -0.09736952, 0.04796378, 0.052350778, -0.023378143, -0.06907889, 0.016729025, 0.028584372, -0.02920058, -0.03550064, -0.012610181, 0.07331453, -0.01949304, -0.06311493, 0.096016645, -0.07736054, 0.015952421, -0.044803448, 0.016349833, -0.00074019306, -0.008699272, -0.09885077, 0.0057668844, -0.07194195, -0.03269732, 0.020013312, 0.0038452176, -0.02558371, 0.08240913, 4.0832552e-33, -0.029540116, 0.025536945, -0.051108837, 0.15534143, 0.05232887, -0.034588985, 0.1331154, -0.019230055, -0.059777286, 0.12300536, 0.010110076, -0.049746364, 0.058457315, 0.012689147, -0.016637735, 0.012754646, 0.045757413, -0.06986773, -0.048548847, -0.0049691405, -0.090362355, 0.06989656, 0.009434806, -0.006790837, -0.10604915, 0.031033803, 0.04947724, -0.044830758, -0.0074853217, -0.03362821, 0.076081604, 0.007102721, -0.042223778, 0.07078981, 0.04748293, 0.02086667, 0.1533649, -0.008400093, -0.025944144, 0.060708035, 0.06678837, 0.06473397, 0.04980821, 0.08876864, -0.032969076, 0.07029635, 0.017236881, -0.03014206, 0.03847467, 0.048386425, -0.060432497, 0.03055173, 0.015597898, -0.030455856, -0.009515284, -0.04115009, -0.06799451, 0.010257094, -0.025663668, 0.021704458, -0.06989919, 0.09240745, -0.035717346, 0.070159815, -0.06353806, -0.032803368, -0.046153594, 0.05410335, 0.05170299, 0.042988, 0.013498428, 0.016623305, -0.04421824, -0.019650355, 0.03619621, -0.019720605, -0.11567572, 0.00600037, 0.0045412285, -0.04502543, -0.0684937, -0.085323654, -0.070964605, 0.08041567, -0.057978913, 0.05782563, 0.050164714, 0.05945155, -0.03647386, 0.009381768, 0.052552883, 0.028078824, -0.033256803, -0.050762523, -0.012918093, -1.42945815e-08, -0.04048241, -0.08574151, 0.04518632, 0.0216457, -0.022382377, 0.012212948, -0.03243768, -0.016910264, -0.027113352, 0.0059040496, 0.040321425, 0.026992574, -0.03565647, 0.07405283, 0.032401845, -0.09057721, -0.031669006, 0.040873535, -0.0099473465, 0.0306474, -0.07686726, 0.041550253, 0.00019226503, 0.06280933, -0.03607754, 0.048774503, 0.0543079, 0.12667091, -0.0038364048, 0.0007941356, 0.069579564, 0.04399249, -0.032082915, -0.085206695, 0.013683775, 0.022758786, -0.0027811711, -0.006820822, 0.03754914, 0.035272937, -0.06678996, 0.02157519, 0.03756283, -0.04543901, -0.05108453, -0.06794904, -0.030827906, -0.03631021, -0.01483357, -0.09371871, -0.031665873, 0.0102893775, 0.015160027, -0.0023694474, 0.024137547, -0.013357573, 0.006565553, 0.024486374, -0.1371335, 0.063941345, 0.19675504, -0.0060418746, 0.053247135, -0.05521752]}