{"timestamp": 1777746066.795543, "embedding": [-0.065825775, 0.031673536, 0.006210032, -0.06241449, -0.0014169221, -0.0072679664, -0.025125341, 0.051660776, -0.020701371, 0.019948462, -0.004212602, -0.062067468, -0.047540314, -0.049059816, 0.021794217, 0.009408416, 0.039964203, -0.058022354, -0.04259034, -0.06166364, -0.015974943, -0.0028102666, 0.058936678, -0.027866744, 0.026538152, -0.04619194, 0.002841871, 0.04927231, -0.068622686, 0.023626186, -0.005929809, -0.060507737, 0.09349269, 0.05168127, -0.04578516, -0.006061404, -0.034532294, 0.046887383, -0.047444895, -0.081623, -0.0080356905, -0.04782305, -0.021980094, 0.117742695, 0.007040353, -0.0068743676, 0.044926465, 0.009646272, -0.013134195, 0.057790603, -0.027949432, -0.00856997, 0.10689628, 0.026571436, 0.06704675, -0.061007645, -0.04463896, 0.02750438, 0.04758637, 0.02848754, -0.03012861, 0.03257175, -0.08667241, 0.03754046, -0.0009759221, -0.047841527, -0.059947148, -0.04267619, 0.049297508, -0.038015515, -0.0381839, 0.038136397, -0.030977951, 0.041292798, -0.0100020105, -0.03243948, -0.002549301, 0.008871254, -0.005907542, 0.064212166, -0.014549998, 0.094499364, -0.0063779973, -0.0890123, 0.041217357, 0.062600665, -0.011839889, 0.03999772, 0.007564226, -0.06781944, -0.0010869061, 0.081578575, -0.023655666, -0.06708588, -0.048743498, 0.027401062, 0.07913115, -0.011648007, -0.091288865, 0.03203786, -0.04384023, 0.010498547, 0.013146273, 0.00069293886, -0.00615838, 0.061619565, -0.04086986, 0.08128696, -0.010142622, 0.019815065, -0.057401426, 0.036378354, -0.116752915, 0.016827604, 0.10052627, 0.013529067, -0.056211453, 0.030808344, 0.09520424, -0.016250985, 0.044046413, 0.057811838, 0.025957916, 0.013050596, -0.08059405, -0.056246396, -0.06090709, -1.8167978e-33, -0.04512761, 0.077519566, 0.05137349, 0.09093492, -0.06726581, 0.02410109, -0.04099483, -0.011643262, -0.011745941, 0.06284518, 0.055749577, -0.0045898287, 0.036453053, 0.057328716, 0.0062086293, 0.008374319, -0.024248268, 0.091217756, -0.05727366, 0.06073507, 0.055752672, -0.013385941, 0.03891835, 0.07471369, 0.023714067, 0.025844054, 0.052221857, 0.06919444, 0.13492176, 0.0076845065, -0.016471278, -0.04613401, -0.07978764, -0.08689631, -0.029628618, 0.07135049, -0.021321002, -0.100697055, -0.06474886, -0.0016408741, 0.03219508, -0.01527094, -0.023558328, 0.044265322, -0.0468435, -0.02845952, 0.06312846, -0.013797182, 0.022683516, 0.06166334, -0.103719875, 0.03760052, -0.1517206, -0.04567734, -0.013677, 0.0022159466, 0.0326148, -0.06573229, -0.023834353, -0.0061669354, -0.010564994, 0.014390096, -0.036890853, -0.046702843, -0.055971857, -0.04528845, 0.025525153, -0.069235176, -0.058647733, 0.00199404, -0.030466566, -0.068307646, 0.08573461, -0.016155075, -0.10673274, -0.07899175, -0.06703296, -0.026634652, -0.00994749, 0.11786614, 0.0075017135, -0.028822774, 0.056229636, -0.051967088, 0.0042889216, 0.12815109, -0.031396374, -0.08124863, -0.06814181, -0.0649656, -0.033002637, -0.0041495604, 0.05957973, 0.020985944, -0.08560223, -3.8781682e-33, -0.0029599858, -0.026733663, -0.04129382, 0.005852944, 0.08711917, -0.050528772, 0.0070385276, 0.1293943, 0.038529046, 0.019924674, -0.04036263, 0.031355165, -0.018552803, -0.011389411, -0.06306909, 0.058748435, 0.021420551, -0.03563249, -0.053353637, -0.069792174, -0.030455768, 0.04065626, -0.0074912347, 0.053477153, 0.04276041, -0.031420633, 0.05911789, 0.057086147, -0.015942965, -0.017452884, 0.015351122, 0.013586375, -0.1344085, -0.06773854, -0.057504267, 0.039575364, 0.054161035, 0.08728738, 0.009498396, 0.0060360422, 0.123065695, 0.08416703, -0.015277359, 0.045476552, -0.02516293, -0.0020105073, -0.02596551, -0.044402465, -0.049332306, 0.024324719, 0.002715895, -0.0041828426, -0.007085914, -0.00799248, 0.07542729, -0.07376416, 0.030274957, -0.036528442, 0.056747474, -0.045964614, -0.076299, 0.015997352, -0.045070212, 0.11141324, -0.044312507, 0.017890869, -0.022530062, 0.053093985, -0.007259956, -0.0582078, 0.12697491, -0.0666659, -0.055359006, 0.019520251, -0.031367216, 0.07536778, -0.0044143395, 0.012530247, -0.00021045367, 0.06849962, 0.09642996, 0.023679772, 0.004387617, -0.0003415466, -0.019780733, -0.049693145, 0.039690822, -0.038646884, 0.021175718, -0.048466034, -0.022648118, -0.0654913, 0.0077411938, -0.11942843, 0.0016862444, -3.5725243e-08, -0.030780267, 0.06658517, 0.07544097, 0.06021274, -0.013026869, 0.06782104, 0.06530418, 0.035040706, -0.015824301, 0.032810964, 0.019794567, 0.03960997, -0.062258594, -0.044456862, 0.1273992, -0.006377536, 0.010322624, 0.10333157, -0.02486813, -0.014606998, -0.027104687, 0.017612739, 0.012907912, -0.097158745, 0.06400222, 0.03261523, 0.044824515, 0.041549347, -0.09675933, 0.0005541129, -0.07861462, -0.01432363, 0.03062927, -0.005161916, -0.036806982, 0.028722256, -0.0069937953, -0.043594874, -0.0020924208, -0.03246719, -0.0654085, 0.025189761, 0.035293348, 0.011744372, 0.028047943, 0.050662477, -0.046588875, -0.09128022, -0.004324773, -0.0058022276, -0.0091163, -0.011772142, 0.060919054, 0.037873987, -0.056846593, 0.02941171, -0.050314207, 0.014679383, 0.009959819, -0.03378429, 0.015444486, 0.025150927, -0.010937576, 0.0061417487]}