{"timestamp": 1777749610.373285, "embedding": [0.06644908, 0.06860138, -0.0055139023, 0.014794808, -0.101021126, 0.02036118, 0.09373883, 0.03447299, -0.041879296, -0.04034329, 0.05463023, -0.08110413, 0.01128649, -0.011188394, 0.009918143, -0.060372125, -0.016558306, -0.03333827, -0.051516067, -0.058669258, -0.0012157386, 0.010073944, -0.07270851, 0.038731743, 0.015228943, 0.0090573635, -0.026588995, 0.0177073, 0.03149971, -0.0013759527, 0.060593132, -0.02807425, 0.0016594285, 0.045733362, 0.09919498, 0.02655284, -0.05641971, -0.020939838, 0.02608434, -0.0014629035, -0.03720707, -0.10600739, 0.011431998, 0.0028250136, 0.019060515, 0.026317243, -0.030185835, 0.083396405, -0.017431516, -0.053955916, 0.04581637, -0.046734672, -0.043402426, -0.05520571, 0.015474059, 0.030222276, 0.0382752, -0.0060638525, 0.034901366, 0.032213625, 0.0046182093, -0.041948743, -0.0018047177, 0.006426494, 0.015559338, -0.03823951, 0.027995177, -0.0095175635, -0.02814404, -0.059922483, -0.058170114, 0.019182257, 0.0039356127, 0.10292867, 0.003266151, 0.051213995, 0.0019204835, -0.07247941, 0.09931167, 0.0339642, -0.044029623, -0.11591794, -0.012120734, 0.045523465, 0.014230793, 0.10098403, 0.039249815, 0.09519304, -0.052054714, 0.028181126, 0.015049505, -0.029749917, -0.051866427, -0.013144083, -0.0324243, 0.04782991, -0.03325264, -0.056357138, -0.023441754, 0.14498933, 0.020547297, -0.0040989476, 0.06968464, -0.033213656, -0.08800032, 0.016427537, 0.0973735, -0.12432652, 0.09547853, -0.039637063, -0.02018172, 0.031255245, 0.022096843, -0.00022217902, -0.018011691, -0.10218738, 0.0019653593, 0.037214834, -0.03733753, 0.08010488, 0.06989856, -0.027090989, -0.047890037, 0.007184681, -0.03819787, 0.013292961, 0.07220578, -2.5674707e-33, -0.011278692, -0.009597133, 0.03403409, -0.004853663, -0.052248944, -0.0061988407, -0.045083113, 0.1186671, -0.0074181906, 0.00020055089, 0.0054066125, -0.056549042, 0.054184277, -0.07140106, 0.029761747, 0.04003963, 0.039307687, -0.020475255, -0.02188565, 0.01014848, -0.011659491, -0.014821558, 0.01624885, -0.061946727, -0.0632767, -0.09887392, -0.022359949, -0.055955824, 0.04421911, 0.0013087394, -0.038078286, -0.09411532, -0.06286397, 0.09013194, 0.052847, 0.020848282, 0.030945724, 0.016298668, -0.037441153, 0.020324731, -0.073065884, -0.05802342, 0.07421723, 0.068759024, 0.06633978, -0.037349798, -0.047609206, -0.028612236, -0.009286617, -0.036540084, 0.048874967, 0.068227686, -0.052903857, 0.03729327, 0.0024667669, 0.029401125, 0.025100226, -0.046195287, -0.00744959, 0.05239848, -0.041566916, 0.060492206, 0.040176906, 0.08682276, -0.024773056, -0.026151298, 0.027747503, -0.11269606, 0.028216135, 0.050977882, -0.027478421, -0.08240189, -0.04808527, 0.01569388, -0.09474895, -0.029165871, -0.005620722, 0.03300544, -0.02757859, -0.069752276, 0.053866286, -0.08134471, 0.016472107, 0.05053433, -0.020702269, -0.047775205, -0.02636024, -0.09623878, 0.06077162, -0.08246784, -0.021815412, -0.008134002, -0.082950205, -0.029451601, 0.1245912, 1.3759607e-33, 0.0650898, 0.072674684, -0.0035998418, 0.060452726, 0.029011004, -0.061157323, 0.10060913, -0.007557562, -0.07437747, 0.019155227, 0.021915084, -0.0038778826, -0.020117667, 0.03697522, 0.03540064, 0.018103927, -0.03550076, 0.003943673, 0.032990128, -0.006644488, -0.05590392, 0.03440183, 0.018886488, -0.030879525, -0.08404356, 0.032627437, 0.07591084, -0.06717498, 0.017078735, 0.019565234, 0.0067933574, 0.05655578, 0.03987423, 0.10008768, -0.035831716, 0.022869173, 0.14908807, 0.017535511, 0.016288972, 0.03530546, 0.07534335, 0.11269949, 0.03326217, 0.033637647, -0.003295339, 0.03256965, 0.010287739, -0.0036058929, 0.025142074, -0.0034872612, 0.0221922, -0.017583434, -0.0008211161, 0.03210773, -0.0009766008, 0.005305667, -0.11640902, -0.0059071747, -0.0929106, 0.021351095, -0.07999415, 0.032169387, 0.03819091, 0.061302327, -0.04013908, -0.05944957, -0.006397345, 0.0036304346, 0.01220469, -0.064208806, 0.009157585, -0.028447745, -0.057108868, 0.009562007, -0.005744989, 0.037432633, -0.05553014, 0.0028375357, 0.044123236, 0.0596873, 0.027435191, -0.004635012, -0.05708746, 0.029382313, -0.007355439, 0.013427513, 0.016592637, 0.07894792, -0.057590816, -0.0015045758, 0.085600324, 0.0715201, -0.032753605, -0.0068396376, 0.014147698, -1.2773481e-08, -0.012758521, -0.060254008, -0.018081894, -0.011679334, -0.05013546, 0.06340907, -0.06688342, -0.12793224, 0.018550467, -0.0043041795, -0.013109002, -0.011190243, -0.039520986, -0.018765075, -0.0065783435, -0.03867872, -0.032033347, -0.0297638, -0.0017554845, 0.069215834, -0.012213521, 0.040299386, -0.031125445, 0.0012545298, -0.046367247, 0.05987545, -0.017121645, 0.05428136, -0.021473961, 0.053583898, 0.14162113, 0.067281514, -0.045807198, -0.11527608, -0.05759229, 0.07265131, 0.014440609, 0.014590623, 0.07702207, 0.07294721, 0.030207528, 0.07679161, -0.047067292, -0.021969436, -0.036557257, -0.12823138, 0.041258547, -0.059721135, 0.021662544, -0.106385365, -0.027094724, -0.00037504183, -0.013600703, -0.009906265, -0.051728018, -0.023221565, 0.023337925, 0.028768865, -0.13288286, 0.03700888, 0.058771282, -0.001710774, 0.07625575, -0.060246155]}