{"timestamp": 1777755137.012718, "embedding": [-0.025813282, 0.007294507, -0.01874902, -0.0046238587, -0.11177982, -0.01707964, 0.094236664, -0.0010161432, -0.047745828, 0.023003874, -0.033360522, -0.04954821, 0.025950367, -0.0104284445, 0.022047687, -0.00884226, -0.029498499, -0.021976056, 0.014859343, -0.10820679, 0.030282263, 0.01262483, -0.040616445, 0.00486609, 0.0759418, 0.054804992, 0.012488859, -0.029336642, 0.06704467, -0.007049716, 0.028109586, 0.018475488, 0.13273951, 0.043693375, -0.03599533, 0.07949673, -0.01619842, -0.07629953, -0.036380224, -0.054662377, -0.106496766, 0.035468284, 0.0071734455, -0.026110874, 0.023505695, 0.0060375785, -0.06545303, -0.0118152825, -0.047127116, -0.018649917, -0.15465903, -0.06906596, -0.004559905, -0.07332392, 0.044333816, -0.026478108, 0.030098593, 0.026440294, -0.02322908, -0.009173197, -0.012367297, -0.029718524, -0.061971113, 0.10469961, -0.032648776, -0.019478604, -0.020546423, -0.01667016, 0.035391465, -0.049075257, -0.03047137, -0.057823967, 0.029633444, 0.019634338, 0.002128043, -0.1138658, 0.09634722, -0.017852418, -0.055323277, -0.076794945, -0.013453661, 0.018315785, -0.022624986, 0.06776496, -0.010666583, 0.01992739, 0.047546443, 0.055257633, 0.007116145, -0.03223827, 0.022842286, -0.03670755, -0.01637594, -0.0029538132, -0.012907285, 0.047953736, 0.017979806, -0.031788345, -0.0992295, 0.08055295, -0.027349027, 0.015027144, 0.08872599, -0.019665375, -0.062431596, 0.006265004, 0.0016805814, 0.0051464005, 0.009293875, -0.052240126, -0.029858, -0.006793346, -0.039828975, 0.006430883, 0.008995936, 0.026561558, -0.018193884, 0.060222525, -0.00222102, 0.0861613, -0.020683825, 0.066405125, -0.0068256846, 0.07394286, -0.033051632, -0.024824126, -0.039376106, -6.668853e-33, 0.022949858, 0.0052966913, -0.016460069, -0.010050844, 0.010875944, -0.035791494, 0.028081296, -0.033669412, -0.029847788, -0.018462596, 0.06208835, 0.012809252, -0.0010425689, 0.07278446, 0.03021629, 0.05277129, -0.06898834, 0.040528446, 0.0066566267, -0.0068507437, 0.02424167, 0.06386238, 0.03156329, -0.055357397, 0.023949228, 0.07107773, 0.10627236, -0.055705227, 0.06834509, 0.04263784, -0.05363625, 0.038322195, -0.115259774, 0.024999473, 0.03052303, 0.017258208, -0.03664544, -0.08980513, 0.013070794, 0.01813287, 0.059588138, 0.04357935, 0.0056277374, 0.010763753, -0.015266207, 0.0036840066, 0.041084975, 0.046773538, 0.037831124, 0.04055002, -0.041637275, 0.020048993, 0.07711481, -0.017644767, 0.052432373, 0.030038048, 0.0059479647, -0.01183293, 0.043573946, 0.094168656, -0.00044229068, -0.015232785, 0.03665769, -0.00022663662, 0.038613714, 0.032876678, -0.049902093, -0.01064965, 0.091775246, 0.020767966, -0.07916249, -0.015447233, 0.015330313, 0.09124756, -0.15277481, -0.044098463, 0.036834083, -0.0829309, -0.020703724, 0.052948933, -0.07893083, -0.03449258, 0.054552574, 0.011486048, -0.008603479, 0.034141373, 0.02567986, 0.033790506, 0.0068034795, 0.02584747, -0.008651484, -0.04537506, -0.0063780607, -0.0069239493, -0.026607273, 3.3238594e-33, -0.046226192, -0.033230405, -0.1147346, 0.033534367, -0.09925177, -0.041679483, 0.024547292, 0.091073096, 0.04451065, 0.032972433, 0.06881, 0.0055641383, 0.05368926, -0.012775184, 0.0595094, -0.023553366, 0.057033196, 0.008092697, -0.0013685817, 0.03014882, -0.048559792, 0.055033844, -0.13678207, -0.008942606, 0.010470698, -0.016853405, -0.060263246, -0.0054967147, -0.07924086, 0.044513468, 0.091073446, -0.04329051, -0.095096365, 0.0797095, 0.0056798477, 0.009090684, -0.011786418, 0.013865782, -0.031341292, 0.11459994, 0.09997863, 0.019128397, 0.025532573, 0.05343461, 0.03227035, 0.034217592, -0.0795533, 0.11309892, -0.040351313, -0.1032584, 0.04671855, -0.05316348, 0.028009893, -0.14034936, 0.014170757, -0.014421057, 0.02197649, 0.014593454, -0.00840268, -0.037813276, 0.01882847, -0.04165616, 0.11983626, -0.01616118, -0.05954004, 0.025054682, -0.0539296, -0.016197015, 0.002711066, -0.07119929, 0.07700314, -0.057351843, -0.092635036, -0.0339455, -0.100277975, 0.105102345, -0.037451003, -0.031009465, -0.076577134, -0.07496616, 0.085196815, 0.0025204225, 0.04789756, 0.02812409, 0.022990903, 0.05667172, -0.03763687, 0.001994801, 0.05074875, 0.02007909, -0.004212509, 0.098057255, 0.015433465, 0.010587907, -0.06261857, -1.5795496e-08, -0.05381823, -0.028958004, -0.01924927, -0.033786155, -0.0076805027, 0.09361565, -0.039119568, -0.04961871, -0.041305277, 0.0029961136, 0.022832917, 0.020341653, -0.07455158, 0.02377664, 0.053226482, 0.07410074, 0.09983796, 0.102093935, -0.02747554, 0.030028712, 0.014825307, -0.0127987545, 0.061269794, 0.0031406896, -0.08639793, 0.010491787, 0.052431528, 0.092865564, 0.011347623, -0.02134546, 0.020171626, 0.03861188, -0.026554132, -0.07373518, 0.020056777, 0.0569953, 0.031437594, -0.056399774, 0.050146967, -0.040039673, 0.008951278, 0.041981008, -0.0057835416, 0.017054778, 0.029083557, 0.014893686, 0.0023239306, -0.11766004, -0.0082129715, -0.027575593, -0.046347946, 0.041154105, -0.015867827, 0.014394937, 0.07116617, 0.024777941, -0.12254269, -0.124543145, -0.02771673, 0.006767329, 0.014416264, 0.037409466, 0.07681645, -0.013963925]}