{"timestamp": 1777746130.5052412, "embedding": [-0.016714167, 0.06477089, 0.02056262, -0.0046373485, -0.062234253, 0.08554694, -0.06866023, 0.07590485, -0.027480612, -0.023658141, -0.059351422, 0.020860618, -0.0063234987, -0.010772867, -0.041044615, 0.031623274, 0.003931894, -0.01749663, 0.014888951, -0.04834551, 0.015267886, -0.03128784, 0.053152584, 0.052893315, -0.04581064, -0.05841545, 0.010872002, 0.016285013, -0.064742036, -0.020054553, -0.0225734, -0.022888038, 0.08751391, 0.034987185, -0.036756333, 0.07458932, -0.023887461, 0.10389823, 0.011511689, -0.015369279, 0.04190064, -0.05368871, -0.024861405, -0.0017330413, -0.010038326, -0.09432637, -0.0052894177, -0.013471238, 0.0035456317, 0.03520633, -0.024458623, -0.059501916, 0.015693238, -0.08128663, -0.012372381, 0.050492387, 0.012664066, -0.07955473, -0.01591856, -0.039036002, 0.0009813395, 0.025093857, -0.06808394, 0.102904856, -0.012510496, -0.021836584, -0.023518367, 0.049004257, -0.071249485, -0.03281831, -0.082047924, -0.03547198, 0.04004817, 0.05135166, 0.04078048, -0.028167909, -0.038705807, -0.013540753, 0.0091547705, -0.002275979, 0.00040339614, 0.05637573, 0.010521331, 0.016717939, -0.022649242, -0.031056391, 0.047240958, -0.0681705, 0.0371365, 0.008792489, 0.039268766, -0.0727641, 0.035249364, -0.059543982, -0.027583424, 0.0803511, -0.04104855, -0.059829995, 0.028082231, 0.025067141, -0.0031518044, -0.063789204, -0.013230344, -0.055277932, -0.030604599, -0.07469633, 0.0065527293, -0.039343655, -0.08726239, 0.045951195, 0.021829497, -0.02866293, -0.07296856, 0.024483439, 0.12028163, 0.109570235, -0.08984373, 0.06616728, 0.05273983, -0.040788148, 0.05448442, 0.110066585, -0.0004095843, -0.027120266, -0.08978862, 0.0044121835, 0.028875869, -1.9696021e-33, 0.023338938, 0.09774064, -0.0031757772, 0.16723935, 0.03956242, -0.017619258, -0.0602798, -0.033653945, -0.023511168, 0.0064244517, 0.037256554, 0.05283597, 0.062279515, -0.00029994806, -0.08867743, 0.07889738, -0.12471951, 0.06440615, 0.012484141, 0.061663028, -0.022640722, 0.0027329081, -0.008309001, 0.029066406, -0.011952761, -0.023645105, -0.027882144, -0.00517353, -0.037401624, -0.011270499, 0.0043983143, -0.040092945, -0.06539587, -0.12600298, 0.062460646, 0.06915981, -0.04785148, -0.08857573, 0.058084134, 0.024541687, -0.07017927, -0.05369448, -0.042288207, -0.014479101, -0.016588777, 0.03907793, 0.011549559, -0.034674063, 0.079453215, 0.087262824, -0.03595778, -0.034661677, 0.025627121, -0.03139347, 0.057621095, 0.04747285, 0.06042741, 0.0009111802, -0.014170027, -0.06672584, 0.074661106, 0.054337993, -0.054561835, 0.018181086, -0.043076295, -0.021839038, -0.022675948, 0.058260813, 0.06467545, -0.015554452, -0.10471386, 0.012896735, 0.1160636, -0.0077275597, -0.12076274, -0.027705127, -0.09243387, -0.07546562, 0.022490598, 0.100964814, -0.062133536, 0.057338182, -0.031884633, -0.0051024742, 0.0022932112, -0.04029849, 0.041606277, -0.02242556, -0.032428805, 0.06848177, 0.030142682, -0.009352826, 0.012870016, 0.0384839, -0.05191156, -1.4111807e-33, 0.027194027, -0.0016704396, 0.049060527, 0.06850517, 0.04332872, -0.0375146, -0.11359345, 0.02342022, 0.070223376, -0.03174331, -0.06781892, 0.005558868, -0.00991853, -0.037617642, -0.051784195, -0.028960286, -0.12804608, 0.021481862, -0.061768055, -0.039643053, 0.10213658, 0.010249212, 0.0023451336, -0.050645567, 0.043904252, 0.027236104, 0.047140714, -0.0068775937, -0.06449677, -0.020650765, 0.03131165, 0.025692584, -0.037326064, -0.06858902, -0.041386988, 0.08895782, 0.049530882, -0.02297549, 0.016901208, -0.021979226, 0.13270578, -0.089210846, -0.00031545144, -0.030882722, -0.03259208, 0.019987237, -0.016757946, -0.06617748, -0.008299971, -0.008777338, -0.025019074, -0.025032429, -0.06434376, -0.014690009, 0.020738052, -0.017982915, 0.0528293, -0.07364018, 0.043817658, -0.015818808, -0.031992674, 0.038544085, -0.015180761, 0.14060377, -0.024797356, -0.017250618, -0.0037218556, -0.009230593, -0.068213046, 0.011876517, -0.054924246, -0.057323195, -0.04095104, -0.0039047697, -0.030874839, 0.050086547, -0.03880025, -0.045632306, -0.0780895, 0.0356201, -0.0007515154, -0.061770104, 0.014353575, 0.037369132, -0.029965876, 0.11529351, -0.03242297, -0.06448596, 0.039660748, 0.00417002, 0.0042483523, -0.011847461, -0.0032997418, -0.019283734, 0.021760905, -3.820359e-08, -0.012866028, 0.039283756, -0.04086844, -0.030163413, -0.014797903, 0.025120914, 0.00829741, -0.03115146, -0.00070574705, 0.12191316, 0.025884947, -0.101182796, -0.020873215, -0.047936473, 0.15403163, -0.010432586, 0.021124687, 0.13656008, -0.04797374, 0.015981225, 0.04271099, 0.04145298, -0.01396363, -0.025371475, -0.033791866, 0.053918794, -0.04831099, 0.025625886, -0.028214362, 0.06589177, 0.01750076, 0.07019777, 0.047162075, -0.021832107, 0.003907256, 0.0389556, 0.04110084, -0.012797004, 0.0048744706, 0.056568824, -0.055322785, 0.036983885, 0.03176127, 0.05252848, -0.0070031206, 0.007915972, -0.031100478, 0.12176942, 0.002479374, 0.03125442, 0.06948987, -0.030450638, 0.040126693, 0.0004654309, -0.0744607, 0.067992635, 0.0042063342, 0.02317487, -0.060122766, -0.051536262, 0.051915184, 0.06062048, 0.019636238, 0.02130548]}